[0m16:55:06.879790 [debug] [MainThread]: Sending event: {'category': 'dbt', 'action': 'invocation', 'label': 'start', 'context': [<snowplow_tracker.self_describing_json.SelfDescribingJson object at 0x0000026A2FA52A10>, <snowplow_tracker.self_describing_json.SelfDescribingJson object at 0x0000026A2FA86510>, <snowplow_tracker.self_describing_json.SelfDescribingJson object at 0x0000026A2FA87010>]}


============================== 16:55:06.896349 | 7633f2cd-8011-49fc-b234-4a4fb900310c ==============================
[0m16:55:06.896349 [info ] [MainThread]: Running with dbt=1.10.5
[0m16:55:06.896349 [debug] [MainThread]: running dbt with arguments {'printer_width': '80', 'indirect_selection': 'eager', 'log_cache_events': 'False', 'write_json': 'True', 'partial_parse': 'True', 'cache_selected_only': 'False', 'warn_error': 'None', 'fail_fast': 'False', 'version_check': 'True', 'log_path': 'D:\\my_dbt_project\\logs', 'debug': 'False', 'profiles_dir': 'C:\\Users\\hp sys\\.dbt', 'use_colors': 'True', 'use_experimental_parser': 'False', 'no_print': 'None', 'quiet': 'False', 'empty': 'None', 'warn_error_options': 'WarnErrorOptionsV2(error=[], warn=[], silence=[])', 'introspect': 'True', 'static_parser': 'True', 'invocation_command': 'dbt debug', 'target_path': 'None', 'log_format': 'default', 'send_anonymous_usage_stats': 'True'}
[0m16:55:06.897158 [info ] [MainThread]: dbt version: 1.10.5
[0m16:55:06.897158 [info ] [MainThread]: python version: 3.11.9
[0m16:55:06.897158 [info ] [MainThread]: python path: D:\py_venv\myenv\Scripts\python.exe
[0m16:55:06.897158 [info ] [MainThread]: os info: Windows-10-10.0.22631-SP0
[0m16:55:06.927357 [info ] [MainThread]: Using profiles dir at C:\Users\hp sys\.dbt
[0m16:55:06.927357 [info ] [MainThread]: Using profiles.yml file at C:\Users\hp sys\.dbt\profiles.yml
[0m16:55:06.927357 [info ] [MainThread]: Using dbt_project.yml file at D:\my_dbt_project\dbt_project.yml
[0m16:55:06.941346 [info ] [MainThread]: adapter type: postgres
[0m16:55:06.941346 [info ] [MainThread]: adapter version: 1.9.0
[0m16:55:06.990423 [info ] [MainThread]: Configuration:
[0m16:55:07.006048 [info ] [MainThread]:   profiles.yml file [[32mOK found and valid[0m]
[0m16:55:07.006048 [info ] [MainThread]:   dbt_project.yml file [[32mOK found and valid[0m]
[0m16:55:07.006048 [info ] [MainThread]: Required dependencies:
[0m16:55:07.006048 [debug] [MainThread]: Executing "git --help"
[0m16:55:07.037298 [debug] [MainThread]: STDOUT: "b"usage: git [-v | --version] [-h | --help] [-C <path>] [-c <name>=<value>]\n           [--exec-path[=<path>]] [--html-path] [--man-path] [--info-path]\n           [-p | --paginate | -P | --no-pager] [--no-replace-objects] [--bare]\n           [--git-dir=<path>] [--work-tree=<path>] [--namespace=<name>]\n           [--config-env=<name>=<envvar>] <command> [<args>]\n\nThese are common Git commands used in various situations:\n\nstart a working area (see also: git help tutorial)\n   clone     Clone a repository into a new directory\n   init      Create an empty Git repository or reinitialize an existing one\n\nwork on the current change (see also: git help everyday)\n   add       Add file contents to the index\n   mv        Move or rename a file, a directory, or a symlink\n   restore   Restore working tree files\n   rm        Remove files from the working tree and from the index\n\nexamine the history and state (see also: git help revisions)\n   bisect    Use binary search to find the commit that introduced a bug\n   diff      Show changes between commits, commit and working tree, etc\n   grep      Print lines matching a pattern\n   log       Show commit logs\n   show      Show various types of objects\n   status    Show the working tree status\n\ngrow, mark and tweak your common history\n   branch    List, create, or delete branches\n   commit    Record changes to the repository\n   merge     Join two or more development histories together\n   rebase    Reapply commits on top of another base tip\n   reset     Reset current HEAD to the specified state\n   switch    Switch branches\n   tag       Create, list, delete or verify a tag object signed with GPG\n\ncollaborate (see also: git help workflows)\n   fetch     Download objects and refs from another repository\n   pull      Fetch from and integrate with another repository or a local branch\n   push      Update remote refs along with associated objects\n\n'git help -a' and 'git help -g' list available subcommands and some\nconcept guides. See 'git help <command>' or 'git help <concept>'\nto read about a specific subcommand or concept.\nSee 'git help git' for an overview of the system.\n""
[0m16:55:07.037298 [debug] [MainThread]: STDERR: "b''"
[0m16:55:07.037298 [info ] [MainThread]:  - git [[32mOK found[0m]

[0m16:55:07.037298 [info ] [MainThread]: Connection:
[0m16:55:07.037298 [info ] [MainThread]:   host: localhost
[0m16:55:07.037298 [info ] [MainThread]:   port: 5432
[0m16:55:07.037298 [info ] [MainThread]:   user: postgres
[0m16:55:07.037298 [info ] [MainThread]:   database: mypostgresdb
[0m16:55:07.037298 [info ] [MainThread]:   schema: public
[0m16:55:07.037298 [info ] [MainThread]:   connect_timeout: 10
[0m16:55:07.037298 [info ] [MainThread]:   role: None
[0m16:55:07.037298 [info ] [MainThread]:   search_path: None
[0m16:55:07.037298 [info ] [MainThread]:   keepalives_idle: 0
[0m16:55:07.037298 [info ] [MainThread]:   sslmode: None
[0m16:55:07.037298 [info ] [MainThread]:   sslcert: None
[0m16:55:07.037298 [info ] [MainThread]:   sslkey: None
[0m16:55:07.037298 [info ] [MainThread]:   sslrootcert: None
[0m16:55:07.037298 [info ] [MainThread]:   application_name: dbt
[0m16:55:07.037298 [info ] [MainThread]:   retries: 1
[0m16:55:07.037298 [info ] [MainThread]: Registered adapter: postgres=1.9.0
[0m16:55:07.194189 [debug] [MainThread]: Acquiring new postgres connection 'debug'
[0m16:55:07.209811 [debug] [MainThread]: Using postgres connection "debug"
[0m16:55:07.225434 [debug] [MainThread]: On debug: select 1 as id
[0m16:55:07.225434 [debug] [MainThread]: Opening a new connection, currently in state init
[0m16:55:07.257033 [debug] [MainThread]: SQL status: SELECT 1 in 0.037 seconds
[0m16:55:07.257033 [debug] [MainThread]: On debug: Close
[0m16:55:07.257033 [info ] [MainThread]:   Connection test: [[32mOK connection ok[0m]

[0m16:55:07.257033 [info ] [MainThread]: [32mAll checks passed![0m
[0m16:55:07.257033 [debug] [MainThread]: Command `dbt debug` succeeded at 16:55:07.257033 after 0.44 seconds
[0m16:55:07.257033 [debug] [MainThread]: Connection 'debug' was properly closed.
[0m16:55:07.257033 [debug] [MainThread]: Sending event: {'category': 'dbt', 'action': 'invocation', 'label': 'end', 'context': [<snowplow_tracker.self_describing_json.SelfDescribingJson object at 0x0000026A2F5B6190>, <snowplow_tracker.self_describing_json.SelfDescribingJson object at 0x0000026A2DDBA850>, <snowplow_tracker.self_describing_json.SelfDescribingJson object at 0x0000026A29D012D0>]}
[0m16:55:07.257033 [debug] [MainThread]: Flushing usage events
[0m16:55:08.273691 [debug] [MainThread]: An error was encountered while trying to flush usage events
[0m08:47:39.040149 [debug] [MainThread]: Sending event: {'category': 'dbt', 'action': 'invocation', 'label': 'start', 'context': [<snowplow_tracker.self_describing_json.SelfDescribingJson object at 0x000001C1742502D0>, <snowplow_tracker.self_describing_json.SelfDescribingJson object at 0x000001C174252C10>, <snowplow_tracker.self_describing_json.SelfDescribingJson object at 0x000001C174250110>]}


============================== 08:47:39.045145 | 38208951-5638-404d-b1ab-0ca3ba38fada ==============================
[0m08:47:39.045145 [info ] [MainThread]: Running with dbt=1.10.5
[0m08:47:39.046203 [debug] [MainThread]: running dbt with arguments {'printer_width': '80', 'indirect_selection': 'eager', 'write_json': 'True', 'log_cache_events': 'False', 'partial_parse': 'True', 'cache_selected_only': 'False', 'warn_error': 'None', 'debug': 'False', 'fail_fast': 'False', 'log_path': 'D:\\my_dbt_project\\logs', 'version_check': 'True', 'profiles_dir': 'C:\\Users\\hp sys\\.dbt', 'use_colors': 'True', 'use_experimental_parser': 'False', 'empty': 'None', 'quiet': 'False', 'no_print': 'None', 'warn_error_options': 'WarnErrorOptionsV2(error=[], warn=[], silence=[])', 'static_parser': 'True', 'introspect': 'True', 'invocation_command': 'dbt debug', 'target_path': 'None', 'log_format': 'default', 'send_anonymous_usage_stats': 'True'}
[0m08:47:39.074147 [info ] [MainThread]: dbt version: 1.10.5
[0m08:47:39.075148 [info ] [MainThread]: python version: 3.11.9
[0m08:47:39.076150 [info ] [MainThread]: python path: D:\py_venv\myenv\Scripts\python.exe
[0m08:47:39.076150 [info ] [MainThread]: os info: Windows-10-10.0.22631-SP0
[0m08:47:39.147145 [info ] [MainThread]: Using profiles dir at C:\Users\hp sys\.dbt
[0m08:47:39.148145 [info ] [MainThread]: Using profiles.yml file at C:\Users\hp sys\.dbt\profiles.yml
[0m08:47:39.149148 [info ] [MainThread]: Using dbt_project.yml file at D:\my_dbt_project\dbt_project.yml
[0m08:47:39.150149 [info ] [MainThread]: adapter type: postgres
[0m08:47:39.150149 [info ] [MainThread]: adapter version: 1.9.0
[0m08:47:39.253653 [info ] [MainThread]: Configuration:
[0m08:47:39.253653 [info ] [MainThread]:   profiles.yml file [[32mOK found and valid[0m]
[0m08:47:39.254654 [info ] [MainThread]:   dbt_project.yml file [[32mOK found and valid[0m]
[0m08:47:39.254654 [info ] [MainThread]: Required dependencies:
[0m08:47:39.255655 [debug] [MainThread]: Executing "git --help"
[0m08:47:39.368652 [debug] [MainThread]: STDOUT: "b"usage: git [-v | --version] [-h | --help] [-C <path>] [-c <name>=<value>]\n           [--exec-path[=<path>]] [--html-path] [--man-path] [--info-path]\n           [-p | --paginate | -P | --no-pager] [--no-replace-objects] [--bare]\n           [--git-dir=<path>] [--work-tree=<path>] [--namespace=<name>]\n           [--config-env=<name>=<envvar>] <command> [<args>]\n\nThese are common Git commands used in various situations:\n\nstart a working area (see also: git help tutorial)\n   clone     Clone a repository into a new directory\n   init      Create an empty Git repository or reinitialize an existing one\n\nwork on the current change (see also: git help everyday)\n   add       Add file contents to the index\n   mv        Move or rename a file, a directory, or a symlink\n   restore   Restore working tree files\n   rm        Remove files from the working tree and from the index\n\nexamine the history and state (see also: git help revisions)\n   bisect    Use binary search to find the commit that introduced a bug\n   diff      Show changes between commits, commit and working tree, etc\n   grep      Print lines matching a pattern\n   log       Show commit logs\n   show      Show various types of objects\n   status    Show the working tree status\n\ngrow, mark and tweak your common history\n   branch    List, create, or delete branches\n   commit    Record changes to the repository\n   merge     Join two or more development histories together\n   rebase    Reapply commits on top of another base tip\n   reset     Reset current HEAD to the specified state\n   switch    Switch branches\n   tag       Create, list, delete or verify a tag object signed with GPG\n\ncollaborate (see also: git help workflows)\n   fetch     Download objects and refs from another repository\n   pull      Fetch from and integrate with another repository or a local branch\n   push      Update remote refs along with associated objects\n\n'git help -a' and 'git help -g' list available subcommands and some\nconcept guides. See 'git help <command>' or 'git help <concept>'\nto read about a specific subcommand or concept.\nSee 'git help git' for an overview of the system.\n""
[0m08:47:39.368652 [debug] [MainThread]: STDERR: "b''"
[0m08:47:39.369654 [info ] [MainThread]:  - git [[32mOK found[0m]

[0m08:47:39.369654 [info ] [MainThread]: Connection:
[0m08:47:39.370654 [info ] [MainThread]:   host: localhost
[0m08:47:39.370654 [info ] [MainThread]:   port: 5432
[0m08:47:39.370654 [info ] [MainThread]:   user: postgres
[0m08:47:39.371653 [info ] [MainThread]:   database: mypostgresdb
[0m08:47:39.372654 [info ] [MainThread]:   schema: public
[0m08:47:39.372654 [info ] [MainThread]:   connect_timeout: 10
[0m08:47:39.373654 [info ] [MainThread]:   role: None
[0m08:47:39.373654 [info ] [MainThread]:   search_path: None
[0m08:47:39.374655 [info ] [MainThread]:   keepalives_idle: 0
[0m08:47:39.374655 [info ] [MainThread]:   sslmode: None
[0m08:47:39.375655 [info ] [MainThread]:   sslcert: None
[0m08:47:39.376653 [info ] [MainThread]:   sslkey: None
[0m08:47:39.376653 [info ] [MainThread]:   sslrootcert: None
[0m08:47:39.377655 [info ] [MainThread]:   application_name: dbt
[0m08:47:39.377655 [info ] [MainThread]:   retries: 1
[0m08:47:39.378654 [info ] [MainThread]: Registered adapter: postgres=1.9.0
[0m08:47:39.569542 [debug] [MainThread]: Acquiring new postgres connection 'debug'
[0m08:47:39.634319 [debug] [MainThread]: Using postgres connection "debug"
[0m08:47:39.634319 [debug] [MainThread]: On debug: select 1 as id
[0m08:47:39.634319 [debug] [MainThread]: Opening a new connection, currently in state init
[0m08:47:39.713675 [debug] [MainThread]: SQL status: SELECT 1 in 0.079 seconds
[0m08:47:39.714676 [debug] [MainThread]: On debug: Close
[0m08:47:39.714676 [info ] [MainThread]:   Connection test: [[32mOK connection ok[0m]

[0m08:47:39.715675 [info ] [MainThread]: [32mAll checks passed![0m
[0m08:47:39.716691 [debug] [MainThread]: Command `dbt debug` succeeded at 08:47:39.716691 after 0.77 seconds
[0m08:47:39.716691 [debug] [MainThread]: Connection 'debug' was properly closed.
[0m08:47:39.717698 [debug] [MainThread]: Sending event: {'category': 'dbt', 'action': 'invocation', 'label': 'end', 'context': [<snowplow_tracker.self_describing_json.SelfDescribingJson object at 0x000001C1745E7B50>, <snowplow_tracker.self_describing_json.SelfDescribingJson object at 0x000001C1744AE390>, <snowplow_tracker.self_describing_json.SelfDescribingJson object at 0x000001C1744F5950>]}
[0m08:47:39.717698 [debug] [MainThread]: Flushing usage events
[0m08:47:40.885378 [debug] [MainThread]: An error was encountered while trying to flush usage events
[0m08:56:19.750663 [debug] [MainThread]: Sending event: {'category': 'dbt', 'action': 'invocation', 'label': 'start', 'context': [<snowplow_tracker.self_describing_json.SelfDescribingJson object at 0x000001BEDD553290>, <snowplow_tracker.self_describing_json.SelfDescribingJson object at 0x000001BEDD584BD0>, <snowplow_tracker.self_describing_json.SelfDescribingJson object at 0x000001BEDD585450>]}


============================== 08:56:19.752734 | 0e786ef7-1756-4550-8fe4-7acda01cb774 ==============================
[0m08:56:19.752734 [info ] [MainThread]: Running with dbt=1.10.5
[0m08:56:19.753669 [debug] [MainThread]: running dbt with arguments {'printer_width': '80', 'indirect_selection': 'eager', 'log_cache_events': 'False', 'write_json': 'True', 'partial_parse': 'True', 'cache_selected_only': 'False', 'profiles_dir': 'C:\\Users\\hp sys\\.dbt', 'version_check': 'True', 'debug': 'False', 'log_path': 'D:\\my_dbt_project\\logs', 'warn_error': 'None', 'fail_fast': 'False', 'use_colors': 'True', 'use_experimental_parser': 'False', 'no_print': 'None', 'quiet': 'False', 'empty': 'False', 'log_format': 'default', 'introspect': 'True', 'warn_error_options': 'WarnErrorOptionsV2(error=[], warn=[], silence=[])', 'invocation_command': 'dbt compile', 'target_path': 'None', 'static_parser': 'True', 'send_anonymous_usage_stats': 'True'}
[0m08:56:19.904113 [debug] [MainThread]: Sending event: {'category': 'dbt', 'action': 'project_id', 'label': '0e786ef7-1756-4550-8fe4-7acda01cb774', 'context': [<snowplow_tracker.self_describing_json.SelfDescribingJson object at 0x000001BEDD96DD50>]}
[0m08:56:19.943112 [debug] [MainThread]: Sending event: {'category': 'dbt', 'action': 'adapter_info', 'label': '0e786ef7-1756-4550-8fe4-7acda01cb774', 'context': [<snowplow_tracker.self_describing_json.SelfDescribingJson object at 0x000001BED8FD0510>]}
[0m08:56:19.944112 [info ] [MainThread]: Registered adapter: postgres=1.9.0
[0m08:56:20.091800 [debug] [MainThread]: checksum: fa4c2685620973c5adba0a491aa9c06e8cf48c9113a5280b45b6efa706ae8f4b, vars: {}, profile: , target: , version: 1.10.5
[0m08:56:20.092748 [info ] [MainThread]: Unable to do partial parsing because saved manifest not found. Starting full parse.
[0m08:56:20.093747 [debug] [MainThread]: Sending event: {'category': 'dbt', 'action': 'partial_parser', 'label': '0e786ef7-1756-4550-8fe4-7acda01cb774', 'context': [<snowplow_tracker.self_describing_json.SelfDescribingJson object at 0x000001BEDD92B550>]}
[0m08:56:20.842848 [debug] [MainThread]: Sending event: {'category': 'dbt', 'action': 'load_project', 'label': '0e786ef7-1756-4550-8fe4-7acda01cb774', 'context': [<snowplow_tracker.self_describing_json.SelfDescribingJson object at 0x000001BEDDC0AD50>]}
[0m08:56:20.889257 [debug] [MainThread]: Wrote artifact WritableManifest to D:\my_dbt_project\target\manifest.json
[0m08:56:20.891225 [debug] [MainThread]: Wrote artifact SemanticManifest to D:\my_dbt_project\target\semantic_manifest.json
[0m08:56:20.904735 [debug] [MainThread]: Sending event: {'category': 'dbt', 'action': 'resource_counts', 'label': '0e786ef7-1756-4550-8fe4-7acda01cb774', 'context': [<snowplow_tracker.self_describing_json.SelfDescribingJson object at 0x000001BEDE62ED10>]}
[0m08:56:20.904735 [info ] [MainThread]: Found 2 models, 4 data tests, 434 macros
[0m08:56:20.905731 [debug] [MainThread]: Sending event: {'category': 'dbt', 'action': 'runnable_timing', 'label': '0e786ef7-1756-4550-8fe4-7acda01cb774', 'context': [<snowplow_tracker.self_describing_json.SelfDescribingJson object at 0x000001BEDE312FD0>]}
[0m08:56:20.906733 [info ] [MainThread]: 
[0m08:56:20.906733 [info ] [MainThread]: Concurrency: 1 threads (target='dev')
[0m08:56:20.907728 [info ] [MainThread]: 
[0m08:56:20.907728 [debug] [MainThread]: Acquiring new postgres connection 'master'
[0m08:56:20.910727 [debug] [ThreadPool]: Acquiring new postgres connection 'list_mypostgresdb_public'
[0m08:56:20.949772 [debug] [ThreadPool]: Using postgres connection "list_mypostgresdb_public"
[0m08:56:20.949772 [debug] [ThreadPool]: On list_mypostgresdb_public: BEGIN
[0m08:56:20.950729 [debug] [ThreadPool]: Opening a new connection, currently in state init
[0m08:56:20.985297 [debug] [ThreadPool]: SQL status: BEGIN in 0.035 seconds
[0m08:56:20.986292 [debug] [ThreadPool]: Using postgres connection "list_mypostgresdb_public"
[0m08:56:20.986292 [debug] [ThreadPool]: On list_mypostgresdb_public: /* {"app": "dbt", "dbt_version": "1.10.5", "profile_name": "my_dbt_project", "target_name": "dev", "connection_name": "list_mypostgresdb_public"} */
select
      'mypostgresdb' as database,
      tablename as name,
      schemaname as schema,
      'table' as type
    from pg_tables
    where schemaname ilike 'public'
    union all
    select
      'mypostgresdb' as database,
      viewname as name,
      schemaname as schema,
      'view' as type
    from pg_views
    where schemaname ilike 'public'
    union all
    select
      'mypostgresdb' as database,
      matviewname as name,
      schemaname as schema,
      'materialized_view' as type
    from pg_matviews
    where schemaname ilike 'public'
  
[0m08:56:20.991823 [debug] [ThreadPool]: SQL status: SELECT 1 in 0.005 seconds
[0m08:56:20.992829 [debug] [ThreadPool]: On list_mypostgresdb_public: ROLLBACK
[0m08:56:20.992829 [debug] [ThreadPool]: On list_mypostgresdb_public: Close
[0m08:56:20.997040 [debug] [MainThread]: Using postgres connection "master"
[0m08:56:20.997040 [debug] [MainThread]: On master: BEGIN
[0m08:56:20.997040 [debug] [MainThread]: Opening a new connection, currently in state init
[0m08:56:21.140266 [debug] [MainThread]: SQL status: BEGIN in 0.144 seconds
[0m08:56:21.141738 [debug] [MainThread]: Using postgres connection "master"
[0m08:56:21.141738 [debug] [MainThread]: On master: /* {"app": "dbt", "dbt_version": "1.10.5", "profile_name": "my_dbt_project", "target_name": "dev", "connection_name": "master"} */
with relation as (
        select
            pg_rewrite.ev_class as class,
            pg_rewrite.oid as id
        from pg_rewrite
    ),
    class as (
        select
            oid as id,
            relname as name,
            relnamespace as schema,
            relkind as kind
        from pg_class
    ),
    dependency as (
        select distinct
            pg_depend.objid as id,
            pg_depend.refobjid as ref
        from pg_depend
    ),
    schema as (
        select
            pg_namespace.oid as id,
            pg_namespace.nspname as name
        from pg_namespace
        where nspname != 'information_schema' and nspname not like 'pg\_%'
    ),
    referenced as (
        select
            relation.id AS id,
            referenced_class.name ,
            referenced_class.schema ,
            referenced_class.kind
        from relation
        join class as referenced_class on relation.class=referenced_class.id
        where referenced_class.kind in ('r', 'v', 'm')
    ),
    relationships as (
        select
            referenced.name as referenced_name,
            referenced.schema as referenced_schema_id,
            dependent_class.name as dependent_name,
            dependent_class.schema as dependent_schema_id,
            referenced.kind as kind
        from referenced
        join dependency on referenced.id=dependency.id
        join class as dependent_class on dependency.ref=dependent_class.id
        where
            (referenced.name != dependent_class.name or
             referenced.schema != dependent_class.schema)
    )

    select
        referenced_schema.name as referenced_schema,
        relationships.referenced_name as referenced_name,
        dependent_schema.name as dependent_schema,
        relationships.dependent_name as dependent_name
    from relationships
    join schema as dependent_schema on relationships.dependent_schema_id=dependent_schema.id
    join schema as referenced_schema on relationships.referenced_schema_id=referenced_schema.id
    group by referenced_schema, referenced_name, dependent_schema, dependent_name
    order by referenced_schema, referenced_name, dependent_schema, dependent_name;
[0m08:56:21.146743 [debug] [MainThread]: SQL status: SELECT 0 in 0.004 seconds
[0m08:56:21.147749 [debug] [MainThread]: Sending event: {'category': 'dbt', 'action': 'runnable_timing', 'label': '0e786ef7-1756-4550-8fe4-7acda01cb774', 'context': [<snowplow_tracker.self_describing_json.SelfDescribingJson object at 0x000001BEDE341A10>]}
[0m08:56:21.147749 [debug] [MainThread]: On master: ROLLBACK
[0m08:56:21.148748 [debug] [MainThread]: On master: Close
[0m08:56:21.155746 [debug] [Thread-1 (]: Began running node model.my_dbt_project.my_first_dbt_model
[0m08:56:21.155746 [debug] [Thread-1 (]: Acquiring new postgres connection 'model.my_dbt_project.my_first_dbt_model'
[0m08:56:21.155746 [debug] [Thread-1 (]: Began compiling node model.my_dbt_project.my_first_dbt_model
[0m08:56:21.161743 [debug] [Thread-1 (]: Writing injected SQL for node "model.my_dbt_project.my_first_dbt_model"
[0m08:56:21.163230 [debug] [Thread-1 (]: Began executing node model.my_dbt_project.my_first_dbt_model
[0m08:56:21.163230 [debug] [Thread-1 (]: Finished running node model.my_dbt_project.my_first_dbt_model
[0m08:56:21.164236 [debug] [Thread-1 (]: Began running node model.my_dbt_project.my_second_dbt_model
[0m08:56:21.165235 [debug] [Thread-1 (]: Re-using an available connection from the pool (formerly model.my_dbt_project.my_first_dbt_model, now model.my_dbt_project.my_second_dbt_model)
[0m08:56:21.165235 [debug] [Thread-1 (]: Began compiling node model.my_dbt_project.my_second_dbt_model
[0m08:56:21.167240 [debug] [Thread-1 (]: Writing injected SQL for node "model.my_dbt_project.my_second_dbt_model"
[0m08:56:21.167240 [debug] [Thread-1 (]: Began executing node model.my_dbt_project.my_second_dbt_model
[0m08:56:21.168237 [debug] [Thread-1 (]: Finished running node model.my_dbt_project.my_second_dbt_model
[0m08:56:21.169236 [debug] [Thread-1 (]: Began running node test.my_dbt_project.not_null_my_first_dbt_model_id.5fb22c2710
[0m08:56:21.169236 [debug] [Thread-1 (]: Re-using an available connection from the pool (formerly model.my_dbt_project.my_second_dbt_model, now test.my_dbt_project.not_null_my_first_dbt_model_id.5fb22c2710)
[0m08:56:21.170234 [debug] [Thread-1 (]: Began compiling node test.my_dbt_project.not_null_my_first_dbt_model_id.5fb22c2710
[0m08:56:21.177235 [debug] [Thread-1 (]: Writing injected SQL for node "test.my_dbt_project.not_null_my_first_dbt_model_id.5fb22c2710"
[0m08:56:21.178235 [debug] [Thread-1 (]: Began executing node test.my_dbt_project.not_null_my_first_dbt_model_id.5fb22c2710
[0m08:56:21.178235 [debug] [Thread-1 (]: Finished running node test.my_dbt_project.not_null_my_first_dbt_model_id.5fb22c2710
[0m08:56:21.179235 [debug] [Thread-1 (]: Began running node test.my_dbt_project.unique_my_first_dbt_model_id.16e066b321
[0m08:56:21.179235 [debug] [Thread-1 (]: Re-using an available connection from the pool (formerly test.my_dbt_project.not_null_my_first_dbt_model_id.5fb22c2710, now test.my_dbt_project.unique_my_first_dbt_model_id.16e066b321)
[0m08:56:21.179235 [debug] [Thread-1 (]: Began compiling node test.my_dbt_project.unique_my_first_dbt_model_id.16e066b321
[0m08:56:21.183237 [debug] [Thread-1 (]: Writing injected SQL for node "test.my_dbt_project.unique_my_first_dbt_model_id.16e066b321"
[0m08:56:21.184239 [debug] [Thread-1 (]: Began executing node test.my_dbt_project.unique_my_first_dbt_model_id.16e066b321
[0m08:56:21.185238 [debug] [Thread-1 (]: Finished running node test.my_dbt_project.unique_my_first_dbt_model_id.16e066b321
[0m08:56:21.185238 [debug] [Thread-1 (]: Began running node test.my_dbt_project.not_null_my_second_dbt_model_id.151b76d778
[0m08:56:21.185238 [debug] [Thread-1 (]: Re-using an available connection from the pool (formerly test.my_dbt_project.unique_my_first_dbt_model_id.16e066b321, now test.my_dbt_project.not_null_my_second_dbt_model_id.151b76d778)
[0m08:56:21.186242 [debug] [Thread-1 (]: Began compiling node test.my_dbt_project.not_null_my_second_dbt_model_id.151b76d778
[0m08:56:21.188239 [debug] [Thread-1 (]: Writing injected SQL for node "test.my_dbt_project.not_null_my_second_dbt_model_id.151b76d778"
[0m08:56:21.189238 [debug] [Thread-1 (]: Began executing node test.my_dbt_project.not_null_my_second_dbt_model_id.151b76d778
[0m08:56:21.189238 [debug] [Thread-1 (]: Finished running node test.my_dbt_project.not_null_my_second_dbt_model_id.151b76d778
[0m08:56:21.190238 [debug] [Thread-1 (]: Began running node test.my_dbt_project.unique_my_second_dbt_model_id.57a0f8c493
[0m08:56:21.190238 [debug] [Thread-1 (]: Re-using an available connection from the pool (formerly test.my_dbt_project.not_null_my_second_dbt_model_id.151b76d778, now test.my_dbt_project.unique_my_second_dbt_model_id.57a0f8c493)
[0m08:56:21.190238 [debug] [Thread-1 (]: Began compiling node test.my_dbt_project.unique_my_second_dbt_model_id.57a0f8c493
[0m08:56:21.193235 [debug] [Thread-1 (]: Writing injected SQL for node "test.my_dbt_project.unique_my_second_dbt_model_id.57a0f8c493"
[0m08:56:21.194262 [debug] [Thread-1 (]: Began executing node test.my_dbt_project.unique_my_second_dbt_model_id.57a0f8c493
[0m08:56:21.194262 [debug] [Thread-1 (]: Finished running node test.my_dbt_project.unique_my_second_dbt_model_id.57a0f8c493
[0m08:56:21.195244 [debug] [MainThread]: Connection 'master' was properly closed.
[0m08:56:21.195244 [debug] [MainThread]: Connection 'list_mypostgresdb_public' was properly closed.
[0m08:56:21.196235 [debug] [MainThread]: Connection 'test.my_dbt_project.unique_my_second_dbt_model_id.57a0f8c493' was properly closed.
[0m08:56:21.197240 [debug] [MainThread]: Command end result
[0m08:56:21.209257 [debug] [MainThread]: Wrote artifact WritableManifest to D:\my_dbt_project\target\manifest.json
[0m08:56:21.210236 [debug] [MainThread]: Wrote artifact SemanticManifest to D:\my_dbt_project\target\semantic_manifest.json
[0m08:56:21.215239 [debug] [MainThread]: Wrote artifact RunExecutionResult to D:\my_dbt_project\target\run_results.json
[0m08:56:21.216239 [debug] [MainThread]: Command `dbt compile` succeeded at 08:56:21.215239 after 1.53 seconds
[0m08:56:21.216239 [debug] [MainThread]: Sending event: {'category': 'dbt', 'action': 'invocation', 'label': 'end', 'context': [<snowplow_tracker.self_describing_json.SelfDescribingJson object at 0x000001BEDD5AE890>, <snowplow_tracker.self_describing_json.SelfDescribingJson object at 0x000001BEDD2B5F90>, <snowplow_tracker.self_describing_json.SelfDescribingJson object at 0x000001BED7CA12D0>]}
[0m08:56:21.216239 [debug] [MainThread]: Flushing usage events
[0m08:56:22.226827 [debug] [MainThread]: An error was encountered while trying to flush usage events
[0m09:11:27.628850 [debug] [MainThread]: Sending event: {'category': 'dbt', 'action': 'invocation', 'label': 'start', 'context': [<snowplow_tracker.self_describing_json.SelfDescribingJson object at 0x000002ADC9E50210>, <snowplow_tracker.self_describing_json.SelfDescribingJson object at 0x000002ADC9EB3B90>, <snowplow_tracker.self_describing_json.SelfDescribingJson object at 0x000002ADC9E87F50>]}


============================== 09:11:27.630850 | 3563d8ca-16ce-46dd-9dea-7f71da634f9a ==============================
[0m09:11:27.630850 [info ] [MainThread]: Running with dbt=1.10.5
[0m09:11:27.631797 [debug] [MainThread]: running dbt with arguments {'printer_width': '80', 'indirect_selection': 'eager', 'log_cache_events': 'False', 'write_json': 'True', 'partial_parse': 'True', 'cache_selected_only': 'False', 'warn_error': 'None', 'debug': 'False', 'profiles_dir': 'C:\\Users\\hp sys\\.dbt', 'log_path': 'D:\\my_dbt_project\\logs', 'fail_fast': 'False', 'version_check': 'True', 'use_colors': 'True', 'use_experimental_parser': 'False', 'empty': 'False', 'quiet': 'False', 'no_print': 'None', 'warn_error_options': 'WarnErrorOptionsV2(error=[], warn=[], silence=[])', 'introspect': 'True', 'invocation_command': 'dbt compile', 'log_format': 'default', 'target_path': 'None', 'static_parser': 'True', 'send_anonymous_usage_stats': 'True'}
[0m09:11:27.757372 [debug] [MainThread]: Sending event: {'category': 'dbt', 'action': 'project_id', 'label': '3563d8ca-16ce-46dd-9dea-7f71da634f9a', 'context': [<snowplow_tracker.self_describing_json.SelfDescribingJson object at 0x000002ADC9F99C90>]}
[0m09:11:27.796403 [debug] [MainThread]: Sending event: {'category': 'dbt', 'action': 'adapter_info', 'label': '3563d8ca-16ce-46dd-9dea-7f71da634f9a', 'context': [<snowplow_tracker.self_describing_json.SelfDescribingJson object at 0x000002ADC56D01D0>]}
[0m09:11:27.797419 [info ] [MainThread]: Registered adapter: postgres=1.9.0
[0m09:11:27.939115 [debug] [MainThread]: checksum: fa4c2685620973c5adba0a491aa9c06e8cf48c9113a5280b45b6efa706ae8f4b, vars: {}, profile: , target: , version: 1.10.5
[0m09:11:28.017165 [debug] [MainThread]: Partial parsing enabled: 0 files deleted, 0 files added, 1 files changed.
[0m09:11:28.017165 [debug] [MainThread]: Partial parsing: updated file: my_dbt_project://models\example\my_first_dbt_model.sql
[0m09:11:28.274841 [debug] [MainThread]: Sending event: {'category': 'dbt', 'action': 'load_project', 'label': '3563d8ca-16ce-46dd-9dea-7f71da634f9a', 'context': [<snowplow_tracker.self_describing_json.SelfDescribingJson object at 0x000002ADCA899950>]}
[0m09:11:28.359638 [debug] [MainThread]: Wrote artifact WritableManifest to D:\my_dbt_project\target\manifest.json
[0m09:11:28.360640 [debug] [MainThread]: Wrote artifact SemanticManifest to D:\my_dbt_project\target\semantic_manifest.json
[0m09:11:28.371640 [debug] [MainThread]: Sending event: {'category': 'dbt', 'action': 'resource_counts', 'label': '3563d8ca-16ce-46dd-9dea-7f71da634f9a', 'context': [<snowplow_tracker.self_describing_json.SelfDescribingJson object at 0x000002ADCA9C8E50>]}
[0m09:11:28.372646 [info ] [MainThread]: Found 2 models, 4 data tests, 434 macros
[0m09:11:28.372646 [debug] [MainThread]: Sending event: {'category': 'dbt', 'action': 'runnable_timing', 'label': '3563d8ca-16ce-46dd-9dea-7f71da634f9a', 'context': [<snowplow_tracker.self_describing_json.SelfDescribingJson object at 0x000002ADCA98A490>]}
[0m09:11:28.373644 [info ] [MainThread]: 
[0m09:11:28.374640 [info ] [MainThread]: Concurrency: 1 threads (target='dev')
[0m09:11:28.374640 [info ] [MainThread]: 
[0m09:11:28.375646 [debug] [MainThread]: Acquiring new postgres connection 'master'
[0m09:11:28.378639 [debug] [ThreadPool]: Acquiring new postgres connection 'list_mypostgresdb_public'
[0m09:11:28.419344 [debug] [ThreadPool]: Using postgres connection "list_mypostgresdb_public"
[0m09:11:28.419344 [debug] [ThreadPool]: On list_mypostgresdb_public: BEGIN
[0m09:11:28.420344 [debug] [ThreadPool]: Opening a new connection, currently in state init
[0m09:11:28.453640 [debug] [ThreadPool]: SQL status: BEGIN in 0.034 seconds
[0m09:11:28.454642 [debug] [ThreadPool]: Using postgres connection "list_mypostgresdb_public"
[0m09:11:28.454642 [debug] [ThreadPool]: On list_mypostgresdb_public: /* {"app": "dbt", "dbt_version": "1.10.5", "profile_name": "my_dbt_project", "target_name": "dev", "connection_name": "list_mypostgresdb_public"} */
select
      'mypostgresdb' as database,
      tablename as name,
      schemaname as schema,
      'table' as type
    from pg_tables
    where schemaname ilike 'public'
    union all
    select
      'mypostgresdb' as database,
      viewname as name,
      schemaname as schema,
      'view' as type
    from pg_views
    where schemaname ilike 'public'
    union all
    select
      'mypostgresdb' as database,
      matviewname as name,
      schemaname as schema,
      'materialized_view' as type
    from pg_matviews
    where schemaname ilike 'public'
  
[0m09:11:28.456647 [debug] [ThreadPool]: SQL status: SELECT 1 in 0.002 seconds
[0m09:11:28.457641 [debug] [ThreadPool]: On list_mypostgresdb_public: ROLLBACK
[0m09:11:28.458641 [debug] [ThreadPool]: On list_mypostgresdb_public: Close
[0m09:11:28.462640 [debug] [MainThread]: Using postgres connection "master"
[0m09:11:28.462640 [debug] [MainThread]: On master: BEGIN
[0m09:11:28.462640 [debug] [MainThread]: Opening a new connection, currently in state init
[0m09:11:28.497997 [debug] [MainThread]: SQL status: BEGIN in 0.035 seconds
[0m09:11:28.497997 [debug] [MainThread]: Using postgres connection "master"
[0m09:11:28.498998 [debug] [MainThread]: On master: /* {"app": "dbt", "dbt_version": "1.10.5", "profile_name": "my_dbt_project", "target_name": "dev", "connection_name": "master"} */
with relation as (
        select
            pg_rewrite.ev_class as class,
            pg_rewrite.oid as id
        from pg_rewrite
    ),
    class as (
        select
            oid as id,
            relname as name,
            relnamespace as schema,
            relkind as kind
        from pg_class
    ),
    dependency as (
        select distinct
            pg_depend.objid as id,
            pg_depend.refobjid as ref
        from pg_depend
    ),
    schema as (
        select
            pg_namespace.oid as id,
            pg_namespace.nspname as name
        from pg_namespace
        where nspname != 'information_schema' and nspname not like 'pg\_%'
    ),
    referenced as (
        select
            relation.id AS id,
            referenced_class.name ,
            referenced_class.schema ,
            referenced_class.kind
        from relation
        join class as referenced_class on relation.class=referenced_class.id
        where referenced_class.kind in ('r', 'v', 'm')
    ),
    relationships as (
        select
            referenced.name as referenced_name,
            referenced.schema as referenced_schema_id,
            dependent_class.name as dependent_name,
            dependent_class.schema as dependent_schema_id,
            referenced.kind as kind
        from referenced
        join dependency on referenced.id=dependency.id
        join class as dependent_class on dependency.ref=dependent_class.id
        where
            (referenced.name != dependent_class.name or
             referenced.schema != dependent_class.schema)
    )

    select
        referenced_schema.name as referenced_schema,
        relationships.referenced_name as referenced_name,
        dependent_schema.name as dependent_schema,
        relationships.dependent_name as dependent_name
    from relationships
    join schema as dependent_schema on relationships.dependent_schema_id=dependent_schema.id
    join schema as referenced_schema on relationships.referenced_schema_id=referenced_schema.id
    group by referenced_schema, referenced_name, dependent_schema, dependent_name
    order by referenced_schema, referenced_name, dependent_schema, dependent_name;
[0m09:11:28.501015 [debug] [MainThread]: SQL status: SELECT 0 in 0.002 seconds
[0m09:11:28.502002 [debug] [MainThread]: Sending event: {'category': 'dbt', 'action': 'runnable_timing', 'label': '3563d8ca-16ce-46dd-9dea-7f71da634f9a', 'context': [<snowplow_tracker.self_describing_json.SelfDescribingJson object at 0x000002ADCA98B810>]}
[0m09:11:28.502002 [debug] [MainThread]: On master: ROLLBACK
[0m09:11:28.502999 [debug] [MainThread]: On master: Close
[0m09:11:28.505644 [debug] [Thread-1 (]: Began running node model.my_dbt_project.my_first_dbt_model
[0m09:11:28.506655 [debug] [Thread-1 (]: Acquiring new postgres connection 'model.my_dbt_project.my_first_dbt_model'
[0m09:11:28.506655 [debug] [Thread-1 (]: Began compiling node model.my_dbt_project.my_first_dbt_model
[0m09:11:28.511657 [debug] [Thread-1 (]: Writing injected SQL for node "model.my_dbt_project.my_first_dbt_model"
[0m09:11:28.511657 [debug] [Thread-1 (]: Began executing node model.my_dbt_project.my_first_dbt_model
[0m09:11:28.512657 [debug] [Thread-1 (]: Finished running node model.my_dbt_project.my_first_dbt_model
[0m09:11:28.513652 [debug] [Thread-1 (]: Began running node model.my_dbt_project.my_second_dbt_model
[0m09:11:28.513652 [debug] [Thread-1 (]: Re-using an available connection from the pool (formerly model.my_dbt_project.my_first_dbt_model, now model.my_dbt_project.my_second_dbt_model)
[0m09:11:28.514650 [debug] [Thread-1 (]: Began compiling node model.my_dbt_project.my_second_dbt_model
[0m09:11:28.516833 [debug] [Thread-1 (]: Writing injected SQL for node "model.my_dbt_project.my_second_dbt_model"
[0m09:11:28.516833 [debug] [Thread-1 (]: Began executing node model.my_dbt_project.my_second_dbt_model
[0m09:11:28.516833 [debug] [Thread-1 (]: Finished running node model.my_dbt_project.my_second_dbt_model
[0m09:11:28.518164 [debug] [Thread-1 (]: Began running node test.my_dbt_project.not_null_my_first_dbt_model_id.5fb22c2710
[0m09:11:28.518164 [debug] [Thread-1 (]: Re-using an available connection from the pool (formerly model.my_dbt_project.my_second_dbt_model, now test.my_dbt_project.not_null_my_first_dbt_model_id.5fb22c2710)
[0m09:11:28.519170 [debug] [Thread-1 (]: Began compiling node test.my_dbt_project.not_null_my_first_dbt_model_id.5fb22c2710
[0m09:11:28.529479 [debug] [Thread-1 (]: Writing injected SQL for node "test.my_dbt_project.not_null_my_first_dbt_model_id.5fb22c2710"
[0m09:11:28.530479 [debug] [Thread-1 (]: Began executing node test.my_dbt_project.not_null_my_first_dbt_model_id.5fb22c2710
[0m09:11:28.531479 [debug] [Thread-1 (]: Finished running node test.my_dbt_project.not_null_my_first_dbt_model_id.5fb22c2710
[0m09:11:28.531479 [debug] [Thread-1 (]: Began running node test.my_dbt_project.unique_my_first_dbt_model_id.16e066b321
[0m09:11:28.532480 [debug] [Thread-1 (]: Re-using an available connection from the pool (formerly test.my_dbt_project.not_null_my_first_dbt_model_id.5fb22c2710, now test.my_dbt_project.unique_my_first_dbt_model_id.16e066b321)
[0m09:11:28.532480 [debug] [Thread-1 (]: Began compiling node test.my_dbt_project.unique_my_first_dbt_model_id.16e066b321
[0m09:11:28.539483 [debug] [Thread-1 (]: Writing injected SQL for node "test.my_dbt_project.unique_my_first_dbt_model_id.16e066b321"
[0m09:11:28.539483 [debug] [Thread-1 (]: Began executing node test.my_dbt_project.unique_my_first_dbt_model_id.16e066b321
[0m09:11:28.540479 [debug] [Thread-1 (]: Finished running node test.my_dbt_project.unique_my_first_dbt_model_id.16e066b321
[0m09:11:28.540479 [debug] [Thread-1 (]: Began running node test.my_dbt_project.not_null_my_second_dbt_model_id.151b76d778
[0m09:11:28.541481 [debug] [Thread-1 (]: Re-using an available connection from the pool (formerly test.my_dbt_project.unique_my_first_dbt_model_id.16e066b321, now test.my_dbt_project.not_null_my_second_dbt_model_id.151b76d778)
[0m09:11:28.541481 [debug] [Thread-1 (]: Began compiling node test.my_dbt_project.not_null_my_second_dbt_model_id.151b76d778
[0m09:11:28.545532 [debug] [Thread-1 (]: Writing injected SQL for node "test.my_dbt_project.not_null_my_second_dbt_model_id.151b76d778"
[0m09:11:28.545532 [debug] [Thread-1 (]: Began executing node test.my_dbt_project.not_null_my_second_dbt_model_id.151b76d778
[0m09:11:28.546533 [debug] [Thread-1 (]: Finished running node test.my_dbt_project.not_null_my_second_dbt_model_id.151b76d778
[0m09:11:28.547539 [debug] [Thread-1 (]: Began running node test.my_dbt_project.unique_my_second_dbt_model_id.57a0f8c493
[0m09:11:28.547539 [debug] [Thread-1 (]: Re-using an available connection from the pool (formerly test.my_dbt_project.not_null_my_second_dbt_model_id.151b76d778, now test.my_dbt_project.unique_my_second_dbt_model_id.57a0f8c493)
[0m09:11:28.548532 [debug] [Thread-1 (]: Began compiling node test.my_dbt_project.unique_my_second_dbt_model_id.57a0f8c493
[0m09:11:28.550918 [debug] [Thread-1 (]: Writing injected SQL for node "test.my_dbt_project.unique_my_second_dbt_model_id.57a0f8c493"
[0m09:11:28.551915 [debug] [Thread-1 (]: Began executing node test.my_dbt_project.unique_my_second_dbt_model_id.57a0f8c493
[0m09:11:28.552913 [debug] [Thread-1 (]: Finished running node test.my_dbt_project.unique_my_second_dbt_model_id.57a0f8c493
[0m09:11:28.553913 [debug] [MainThread]: Connection 'master' was properly closed.
[0m09:11:28.554913 [debug] [MainThread]: Connection 'list_mypostgresdb_public' was properly closed.
[0m09:11:28.554913 [debug] [MainThread]: Connection 'test.my_dbt_project.unique_my_second_dbt_model_id.57a0f8c493' was properly closed.
[0m09:11:28.556916 [debug] [MainThread]: Command end result
[0m09:11:28.574929 [debug] [MainThread]: Wrote artifact WritableManifest to D:\my_dbt_project\target\manifest.json
[0m09:11:28.575919 [debug] [MainThread]: Wrote artifact SemanticManifest to D:\my_dbt_project\target\semantic_manifest.json
[0m09:11:28.580917 [debug] [MainThread]: Wrote artifact RunExecutionResult to D:\my_dbt_project\target\run_results.json
[0m09:11:28.581914 [debug] [MainThread]: Command `dbt compile` succeeded at 09:11:28.581914 after 1.02 seconds
[0m09:11:28.581914 [debug] [MainThread]: Sending event: {'category': 'dbt', 'action': 'invocation', 'label': 'end', 'context': [<snowplow_tracker.self_describing_json.SelfDescribingJson object at 0x000002ADC9E51010>, <snowplow_tracker.self_describing_json.SelfDescribingJson object at 0x000002ADC9FF2210>, <snowplow_tracker.self_describing_json.SelfDescribingJson object at 0x000002ADC86F68D0>]}
[0m09:11:28.582913 [debug] [MainThread]: Flushing usage events
[0m09:11:29.604546 [debug] [MainThread]: An error was encountered while trying to flush usage events
[0m09:11:34.835009 [debug] [MainThread]: Sending event: {'category': 'dbt', 'action': 'invocation', 'label': 'start', 'context': [<snowplow_tracker.self_describing_json.SelfDescribingJson object at 0x000002103BA502D0>, <snowplow_tracker.self_describing_json.SelfDescribingJson object at 0x000002103B5B4250>, <snowplow_tracker.self_describing_json.SelfDescribingJson object at 0x000002103BA52F10>]}


============================== 09:11:34.838050 | 153eaae2-909e-426b-bcfd-ee86fe12dee6 ==============================
[0m09:11:34.838050 [info ] [MainThread]: Running with dbt=1.10.5
[0m09:11:34.838050 [debug] [MainThread]: running dbt with arguments {'printer_width': '80', 'indirect_selection': 'eager', 'log_cache_events': 'False', 'write_json': 'True', 'partial_parse': 'True', 'cache_selected_only': 'False', 'warn_error': 'None', 'version_check': 'True', 'profiles_dir': 'C:\\Users\\hp sys\\.dbt', 'log_path': 'D:\\my_dbt_project\\logs', 'debug': 'False', 'fail_fast': 'False', 'use_colors': 'True', 'use_experimental_parser': 'False', 'empty': 'False', 'quiet': 'False', 'no_print': 'None', 'warn_error_options': 'WarnErrorOptionsV2(error=[], warn=[], silence=[])', 'introspect': 'True', 'invocation_command': 'dbt run', 'static_parser': 'True', 'target_path': 'None', 'log_format': 'default', 'send_anonymous_usage_stats': 'True'}
[0m09:11:34.963161 [debug] [MainThread]: Sending event: {'category': 'dbt', 'action': 'project_id', 'label': '153eaae2-909e-426b-bcfd-ee86fe12dee6', 'context': [<snowplow_tracker.self_describing_json.SelfDescribingJson object at 0x000002103BC57650>]}
[0m09:11:35.002171 [debug] [MainThread]: Sending event: {'category': 'dbt', 'action': 'adapter_info', 'label': '153eaae2-909e-426b-bcfd-ee86fe12dee6', 'context': [<snowplow_tracker.self_describing_json.SelfDescribingJson object at 0x00000210373D1110>]}
[0m09:11:35.002171 [info ] [MainThread]: Registered adapter: postgres=1.9.0
[0m09:11:35.142014 [debug] [MainThread]: checksum: fa4c2685620973c5adba0a491aa9c06e8cf48c9113a5280b45b6efa706ae8f4b, vars: {}, profile: , target: , version: 1.10.5
[0m09:11:35.218630 [debug] [MainThread]: Partial parsing enabled: 0 files deleted, 0 files added, 0 files changed.
[0m09:11:35.218630 [debug] [MainThread]: Partial parsing enabled, no changes found, skipping parsing
[0m09:11:35.241748 [debug] [MainThread]: Sending event: {'category': 'dbt', 'action': 'load_project', 'label': '153eaae2-909e-426b-bcfd-ee86fe12dee6', 'context': [<snowplow_tracker.self_describing_json.SelfDescribingJson object at 0x000002103C0FC210>]}
[0m09:11:35.283964 [debug] [MainThread]: Wrote artifact WritableManifest to D:\my_dbt_project\target\manifest.json
[0m09:11:35.285897 [debug] [MainThread]: Wrote artifact SemanticManifest to D:\my_dbt_project\target\semantic_manifest.json
[0m09:11:35.296989 [debug] [MainThread]: Sending event: {'category': 'dbt', 'action': 'resource_counts', 'label': '153eaae2-909e-426b-bcfd-ee86fe12dee6', 'context': [<snowplow_tracker.self_describing_json.SelfDescribingJson object at 0x000002103C4BD510>]}
[0m09:11:35.296989 [info ] [MainThread]: Found 2 models, 4 data tests, 434 macros
[0m09:11:35.298003 [debug] [MainThread]: Sending event: {'category': 'dbt', 'action': 'runnable_timing', 'label': '153eaae2-909e-426b-bcfd-ee86fe12dee6', 'context': [<snowplow_tracker.self_describing_json.SelfDescribingJson object at 0x000002103C0D6D90>]}
[0m09:11:35.298960 [info ] [MainThread]: 
[0m09:11:35.299967 [info ] [MainThread]: Concurrency: 1 threads (target='dev')
[0m09:11:35.299967 [info ] [MainThread]: 
[0m09:11:35.300985 [debug] [MainThread]: Acquiring new postgres connection 'master'
[0m09:11:35.304209 [debug] [ThreadPool]: Acquiring new postgres connection 'list_mypostgresdb'
[0m09:11:35.342029 [debug] [ThreadPool]: Using postgres connection "list_mypostgresdb"
[0m09:11:35.342954 [debug] [ThreadPool]: On list_mypostgresdb: /* {"app": "dbt", "dbt_version": "1.10.5", "profile_name": "my_dbt_project", "target_name": "dev", "connection_name": "list_mypostgresdb"} */

    select distinct nspname from pg_namespace
  
[0m09:11:35.342954 [debug] [ThreadPool]: Opening a new connection, currently in state init
[0m09:11:35.394887 [debug] [ThreadPool]: SQL status: SELECT 4 in 0.052 seconds
[0m09:11:35.396886 [debug] [ThreadPool]: On list_mypostgresdb: Close
[0m09:11:35.398203 [debug] [ThreadPool]: Acquiring new postgres connection 'list_mypostgresdb_public'
[0m09:11:35.403329 [debug] [ThreadPool]: Using postgres connection "list_mypostgresdb_public"
[0m09:11:35.403329 [debug] [ThreadPool]: On list_mypostgresdb_public: BEGIN
[0m09:11:35.404454 [debug] [ThreadPool]: Opening a new connection, currently in state init
[0m09:11:35.453957 [debug] [ThreadPool]: SQL status: BEGIN in 0.050 seconds
[0m09:11:35.454954 [debug] [ThreadPool]: Using postgres connection "list_mypostgresdb_public"
[0m09:11:35.454954 [debug] [ThreadPool]: On list_mypostgresdb_public: /* {"app": "dbt", "dbt_version": "1.10.5", "profile_name": "my_dbt_project", "target_name": "dev", "connection_name": "list_mypostgresdb_public"} */
select
      'mypostgresdb' as database,
      tablename as name,
      schemaname as schema,
      'table' as type
    from pg_tables
    where schemaname ilike 'public'
    union all
    select
      'mypostgresdb' as database,
      viewname as name,
      schemaname as schema,
      'view' as type
    from pg_views
    where schemaname ilike 'public'
    union all
    select
      'mypostgresdb' as database,
      matviewname as name,
      schemaname as schema,
      'materialized_view' as type
    from pg_matviews
    where schemaname ilike 'public'
  
[0m09:11:35.456956 [debug] [ThreadPool]: SQL status: SELECT 1 in 0.002 seconds
[0m09:11:35.457955 [debug] [ThreadPool]: On list_mypostgresdb_public: ROLLBACK
[0m09:11:35.458955 [debug] [ThreadPool]: On list_mypostgresdb_public: Close
[0m09:11:35.461956 [debug] [MainThread]: Using postgres connection "master"
[0m09:11:35.462955 [debug] [MainThread]: On master: BEGIN
[0m09:11:35.462955 [debug] [MainThread]: Opening a new connection, currently in state init
[0m09:11:35.521091 [debug] [MainThread]: SQL status: BEGIN in 0.058 seconds
[0m09:11:35.521091 [debug] [MainThread]: Using postgres connection "master"
[0m09:11:35.522099 [debug] [MainThread]: On master: /* {"app": "dbt", "dbt_version": "1.10.5", "profile_name": "my_dbt_project", "target_name": "dev", "connection_name": "master"} */
with relation as (
        select
            pg_rewrite.ev_class as class,
            pg_rewrite.oid as id
        from pg_rewrite
    ),
    class as (
        select
            oid as id,
            relname as name,
            relnamespace as schema,
            relkind as kind
        from pg_class
    ),
    dependency as (
        select distinct
            pg_depend.objid as id,
            pg_depend.refobjid as ref
        from pg_depend
    ),
    schema as (
        select
            pg_namespace.oid as id,
            pg_namespace.nspname as name
        from pg_namespace
        where nspname != 'information_schema' and nspname not like 'pg\_%'
    ),
    referenced as (
        select
            relation.id AS id,
            referenced_class.name ,
            referenced_class.schema ,
            referenced_class.kind
        from relation
        join class as referenced_class on relation.class=referenced_class.id
        where referenced_class.kind in ('r', 'v', 'm')
    ),
    relationships as (
        select
            referenced.name as referenced_name,
            referenced.schema as referenced_schema_id,
            dependent_class.name as dependent_name,
            dependent_class.schema as dependent_schema_id,
            referenced.kind as kind
        from referenced
        join dependency on referenced.id=dependency.id
        join class as dependent_class on dependency.ref=dependent_class.id
        where
            (referenced.name != dependent_class.name or
             referenced.schema != dependent_class.schema)
    )

    select
        referenced_schema.name as referenced_schema,
        relationships.referenced_name as referenced_name,
        dependent_schema.name as dependent_schema,
        relationships.dependent_name as dependent_name
    from relationships
    join schema as dependent_schema on relationships.dependent_schema_id=dependent_schema.id
    join schema as referenced_schema on relationships.referenced_schema_id=referenced_schema.id
    group by referenced_schema, referenced_name, dependent_schema, dependent_name
    order by referenced_schema, referenced_name, dependent_schema, dependent_name;
[0m09:11:35.525119 [debug] [MainThread]: SQL status: SELECT 0 in 0.003 seconds
[0m09:11:35.526200 [debug] [MainThread]: Sending event: {'category': 'dbt', 'action': 'runnable_timing', 'label': '153eaae2-909e-426b-bcfd-ee86fe12dee6', 'context': [<snowplow_tracker.self_describing_json.SelfDescribingJson object at 0x000002103BC56E90>]}
[0m09:11:35.526200 [debug] [MainThread]: On master: ROLLBACK
[0m09:11:35.527193 [debug] [MainThread]: Using postgres connection "master"
[0m09:11:35.527193 [debug] [MainThread]: On master: BEGIN
[0m09:11:35.528128 [debug] [MainThread]: SQL status: BEGIN in 0.000 seconds
[0m09:11:35.528128 [debug] [MainThread]: On master: COMMIT
[0m09:11:35.528128 [debug] [MainThread]: Using postgres connection "master"
[0m09:11:35.528128 [debug] [MainThread]: On master: COMMIT
[0m09:11:35.529158 [debug] [MainThread]: SQL status: COMMIT in 0.000 seconds
[0m09:11:35.530296 [debug] [MainThread]: On master: Close
[0m09:11:35.534584 [debug] [Thread-1 (]: Began running node model.my_dbt_project.my_first_dbt_model
[0m09:11:35.534584 [info ] [Thread-1 (]: 1 of 2 START sql table model public.my_first_dbt_model ......................... [RUN]
[0m09:11:35.535604 [debug] [Thread-1 (]: Acquiring new postgres connection 'model.my_dbt_project.my_first_dbt_model'
[0m09:11:35.535604 [debug] [Thread-1 (]: Began compiling node model.my_dbt_project.my_first_dbt_model
[0m09:11:35.540584 [debug] [Thread-1 (]: Writing injected SQL for node "model.my_dbt_project.my_first_dbt_model"
[0m09:11:35.541634 [debug] [Thread-1 (]: Began executing node model.my_dbt_project.my_first_dbt_model
[0m09:11:35.564583 [debug] [Thread-1 (]: Writing runtime sql for node "model.my_dbt_project.my_first_dbt_model"
[0m09:11:35.566584 [debug] [Thread-1 (]: Using postgres connection "model.my_dbt_project.my_first_dbt_model"
[0m09:11:35.566584 [debug] [Thread-1 (]: On model.my_dbt_project.my_first_dbt_model: BEGIN
[0m09:11:35.566584 [debug] [Thread-1 (]: Opening a new connection, currently in state init
[0m09:11:35.643876 [debug] [Thread-1 (]: SQL status: BEGIN in 0.077 seconds
[0m09:11:35.643876 [debug] [Thread-1 (]: Using postgres connection "model.my_dbt_project.my_first_dbt_model"
[0m09:11:35.644881 [debug] [Thread-1 (]: On model.my_dbt_project.my_first_dbt_model: /* {"app": "dbt", "dbt_version": "1.10.5", "profile_name": "my_dbt_project", "target_name": "dev", "node_id": "model.my_dbt_project.my_first_dbt_model"} */

  
    

  create  table "mypostgresdb"."public"."my_first_dbt_model__dbt_tmp"
  
  
    as
  
  (
    /*
    Welcome to your first dbt model!
    Did you know that you can also configure models directly within SQL files?
    This will override configurations stated in dbt_project.yml

    Try changing "table" to "view" below
*/



with source_data as (

    select 1 as id, "Raj" name, "India" country
    union all
    select 2 as id, "Chris" name, "India" country

)

select *
from source_data

/*
    Uncomment the line below to remove records with null `id` values
*/

-- where id is not null
  );
  
[0m09:11:35.647881 [debug] [Thread-1 (]: Postgres adapter: Postgres error: column "Raj" does not exist
LINE 24:     select 1 as id, "Raj" name, "India" country
                             ^

[0m09:11:35.647881 [debug] [Thread-1 (]: On model.my_dbt_project.my_first_dbt_model: ROLLBACK
[0m09:11:35.648874 [debug] [Thread-1 (]: On model.my_dbt_project.my_first_dbt_model: Close
[0m09:11:35.657874 [debug] [Thread-1 (]: Database Error in model my_first_dbt_model (models\example\my_first_dbt_model.sql)
  column "Raj" does not exist
  LINE 24:     select 1 as id, "Raj" name, "India" country
                               ^
  compiled code at target\run\my_dbt_project\models\example\my_first_dbt_model.sql
[0m09:11:35.659917 [debug] [Thread-1 (]: Sending event: {'category': 'dbt', 'action': 'run_model', 'label': '153eaae2-909e-426b-bcfd-ee86fe12dee6', 'context': [<snowplow_tracker.self_describing_json.SelfDescribingJson object at 0x000002103BCC0250>]}
[0m09:11:35.659917 [error] [Thread-1 (]: 1 of 2 ERROR creating sql table model public.my_first_dbt_model ................ [[31mERROR[0m in 0.12s]
[0m09:11:35.660951 [debug] [Thread-1 (]: Finished running node model.my_dbt_project.my_first_dbt_model
[0m09:11:35.661875 [debug] [Thread-4 (]: Marking all children of 'model.my_dbt_project.my_first_dbt_model' to be skipped because of status 'error'.  Reason: Database Error in model my_first_dbt_model (models\example\my_first_dbt_model.sql)
  column "Raj" does not exist
  LINE 24:     select 1 as id, "Raj" name, "India" country
                               ^
  compiled code at target\run\my_dbt_project\models\example\my_first_dbt_model.sql.
[0m09:11:35.662880 [debug] [Thread-1 (]: Began running node model.my_dbt_project.my_second_dbt_model
[0m09:11:35.662880 [info ] [Thread-1 (]: 2 of 2 SKIP relation public.my_second_dbt_model ................................ [[33mSKIP[0m]
[0m09:11:35.663878 [debug] [Thread-1 (]: Finished running node model.my_dbt_project.my_second_dbt_model
[0m09:11:35.664873 [debug] [MainThread]: Using postgres connection "master"
[0m09:11:35.664873 [debug] [MainThread]: On master: BEGIN
[0m09:11:35.664873 [debug] [MainThread]: Opening a new connection, currently in state closed
[0m09:11:35.813988 [debug] [MainThread]: SQL status: BEGIN in 0.148 seconds
[0m09:11:35.813988 [debug] [MainThread]: On master: COMMIT
[0m09:11:35.813988 [debug] [MainThread]: Using postgres connection "master"
[0m09:11:35.814991 [debug] [MainThread]: On master: COMMIT
[0m09:11:35.814991 [debug] [MainThread]: SQL status: COMMIT in 0.000 seconds
[0m09:11:35.814991 [debug] [MainThread]: On master: Close
[0m09:11:35.815950 [debug] [MainThread]: Connection 'master' was properly closed.
[0m09:11:35.815950 [debug] [MainThread]: Connection 'list_mypostgresdb' was properly closed.
[0m09:11:35.815950 [debug] [MainThread]: Connection 'list_mypostgresdb_public' was properly closed.
[0m09:11:35.815950 [debug] [MainThread]: Connection 'model.my_dbt_project.my_first_dbt_model' was properly closed.
[0m09:11:35.816950 [info ] [MainThread]: 
[0m09:11:35.816950 [info ] [MainThread]: Finished running 1 table model, 1 view model in 0 hours 0 minutes and 0.52 seconds (0.52s).
[0m09:11:35.818950 [debug] [MainThread]: Command end result
[0m09:11:35.863458 [debug] [MainThread]: Wrote artifact WritableManifest to D:\my_dbt_project\target\manifest.json
[0m09:11:35.864461 [debug] [MainThread]: Wrote artifact SemanticManifest to D:\my_dbt_project\target\semantic_manifest.json
[0m09:11:35.868460 [debug] [MainThread]: Wrote artifact RunExecutionResult to D:\my_dbt_project\target\run_results.json
[0m09:11:35.869460 [info ] [MainThread]: 
[0m09:11:35.869460 [info ] [MainThread]: [31mCompleted with 1 error, 0 partial successes, and 0 warnings:[0m
[0m09:11:35.870460 [info ] [MainThread]: 
[0m09:11:35.870460 [error] [MainThread]: [31mFailure in model my_first_dbt_model (models\example\my_first_dbt_model.sql)[0m
[0m09:11:35.871461 [error] [MainThread]:   Database Error in model my_first_dbt_model (models\example\my_first_dbt_model.sql)
  column "Raj" does not exist
  LINE 24:     select 1 as id, "Raj" name, "India" country
                               ^
  compiled code at target\run\my_dbt_project\models\example\my_first_dbt_model.sql
[0m09:11:35.872460 [info ] [MainThread]: 
[0m09:11:35.872460 [info ] [MainThread]:   compiled code at target\compiled\my_dbt_project\models\example\my_first_dbt_model.sql
[0m09:11:35.873461 [info ] [MainThread]: 
[0m09:11:35.873461 [info ] [MainThread]: Done. PASS=0 WARN=0 ERROR=1 SKIP=1 NO-OP=0 TOTAL=2
[0m09:11:35.874460 [debug] [MainThread]: Command `dbt run` failed at 09:11:35.874460 after 1.12 seconds
[0m09:11:35.875459 [debug] [MainThread]: Sending event: {'category': 'dbt', 'action': 'invocation', 'label': 'end', 'context': [<snowplow_tracker.self_describing_json.SelfDescribingJson object at 0x000002103C9CE110>, <snowplow_tracker.self_describing_json.SelfDescribingJson object at 0x000002103C9CFCD0>, <snowplow_tracker.self_describing_json.SelfDescribingJson object at 0x000002103C9CFFD0>]}
[0m09:11:35.875459 [debug] [MainThread]: Flushing usage events
[0m09:11:36.863700 [debug] [MainThread]: An error was encountered while trying to flush usage events
[0m09:13:31.587044 [debug] [MainThread]: Sending event: {'category': 'dbt', 'action': 'invocation', 'label': 'start', 'context': [<snowplow_tracker.self_describing_json.SelfDescribingJson object at 0x000001DFCF5CF8D0>, <snowplow_tracker.self_describing_json.SelfDescribingJson object at 0x000001DFCFBB3A90>, <snowplow_tracker.self_describing_json.SelfDescribingJson object at 0x000001DFCFBB2AD0>]}


============================== 09:13:31.590050 | 2f636463-cc92-49f1-9935-7837ed7f7036 ==============================
[0m09:13:31.590050 [info ] [MainThread]: Running with dbt=1.10.5
[0m09:13:31.590050 [debug] [MainThread]: running dbt with arguments {'printer_width': '80', 'indirect_selection': 'eager', 'write_json': 'True', 'log_cache_events': 'False', 'partial_parse': 'True', 'cache_selected_only': 'False', 'profiles_dir': 'C:\\Users\\hp sys\\.dbt', 'fail_fast': 'False', 'version_check': 'True', 'log_path': 'D:\\my_dbt_project\\logs', 'warn_error': 'None', 'debug': 'False', 'use_colors': 'True', 'use_experimental_parser': 'False', 'empty': 'False', 'quiet': 'False', 'no_print': 'None', 'log_format': 'default', 'introspect': 'True', 'invocation_command': 'dbt compile', 'static_parser': 'True', 'target_path': 'None', 'warn_error_options': 'WarnErrorOptionsV2(error=[], warn=[], silence=[])', 'send_anonymous_usage_stats': 'True'}
[0m09:13:31.716548 [debug] [MainThread]: Sending event: {'category': 'dbt', 'action': 'project_id', 'label': '2f636463-cc92-49f1-9935-7837ed7f7036', 'context': [<snowplow_tracker.self_describing_json.SelfDescribingJson object at 0x000001DFCFBB22D0>]}
[0m09:13:31.755550 [debug] [MainThread]: Sending event: {'category': 'dbt', 'action': 'adapter_info', 'label': '2f636463-cc92-49f1-9935-7837ed7f7036', 'context': [<snowplow_tracker.self_describing_json.SelfDescribingJson object at 0x000001DFCB6D0D90>]}
[0m09:13:31.756551 [info ] [MainThread]: Registered adapter: postgres=1.9.0
[0m09:13:31.901338 [debug] [MainThread]: checksum: fa4c2685620973c5adba0a491aa9c06e8cf48c9113a5280b45b6efa706ae8f4b, vars: {}, profile: , target: , version: 1.10.5
[0m09:13:31.978321 [debug] [MainThread]: Partial parsing enabled: 0 files deleted, 0 files added, 1 files changed.
[0m09:13:31.979323 [debug] [MainThread]: Partial parsing: updated file: my_dbt_project://models\example\my_first_dbt_model.sql
[0m09:13:32.224770 [debug] [MainThread]: Sending event: {'category': 'dbt', 'action': 'load_project', 'label': '2f636463-cc92-49f1-9935-7837ed7f7036', 'context': [<snowplow_tracker.self_describing_json.SelfDescribingJson object at 0x000001DFCFF0F490>]}
[0m09:13:32.307766 [debug] [MainThread]: Wrote artifact WritableManifest to D:\my_dbt_project\target\manifest.json
[0m09:13:32.308734 [debug] [MainThread]: Wrote artifact SemanticManifest to D:\my_dbt_project\target\semantic_manifest.json
[0m09:13:32.319982 [debug] [MainThread]: Sending event: {'category': 'dbt', 'action': 'resource_counts', 'label': '2f636463-cc92-49f1-9935-7837ed7f7036', 'context': [<snowplow_tracker.self_describing_json.SelfDescribingJson object at 0x000001DFD08C5710>]}
[0m09:13:32.321050 [info ] [MainThread]: Found 2 models, 4 data tests, 434 macros
[0m09:13:32.321050 [debug] [MainThread]: Sending event: {'category': 'dbt', 'action': 'runnable_timing', 'label': '2f636463-cc92-49f1-9935-7837ed7f7036', 'context': [<snowplow_tracker.self_describing_json.SelfDescribingJson object at 0x000001DFD0C42F50>]}
[0m09:13:32.323051 [info ] [MainThread]: 
[0m09:13:32.324380 [info ] [MainThread]: Concurrency: 1 threads (target='dev')
[0m09:13:32.324380 [info ] [MainThread]: 
[0m09:13:32.325380 [debug] [MainThread]: Acquiring new postgres connection 'master'
[0m09:13:32.328380 [debug] [ThreadPool]: Acquiring new postgres connection 'list_mypostgresdb_public'
[0m09:13:32.370858 [debug] [ThreadPool]: Using postgres connection "list_mypostgresdb_public"
[0m09:13:32.370858 [debug] [ThreadPool]: On list_mypostgresdb_public: BEGIN
[0m09:13:32.371849 [debug] [ThreadPool]: Opening a new connection, currently in state init
[0m09:13:32.411304 [debug] [ThreadPool]: SQL status: BEGIN in 0.040 seconds
[0m09:13:32.411304 [debug] [ThreadPool]: Using postgres connection "list_mypostgresdb_public"
[0m09:13:32.412304 [debug] [ThreadPool]: On list_mypostgresdb_public: /* {"app": "dbt", "dbt_version": "1.10.5", "profile_name": "my_dbt_project", "target_name": "dev", "connection_name": "list_mypostgresdb_public"} */
select
      'mypostgresdb' as database,
      tablename as name,
      schemaname as schema,
      'table' as type
    from pg_tables
    where schemaname ilike 'public'
    union all
    select
      'mypostgresdb' as database,
      viewname as name,
      schemaname as schema,
      'view' as type
    from pg_views
    where schemaname ilike 'public'
    union all
    select
      'mypostgresdb' as database,
      matviewname as name,
      schemaname as schema,
      'materialized_view' as type
    from pg_matviews
    where schemaname ilike 'public'
  
[0m09:13:32.415304 [debug] [ThreadPool]: SQL status: SELECT 1 in 0.002 seconds
[0m09:13:32.416304 [debug] [ThreadPool]: On list_mypostgresdb_public: ROLLBACK
[0m09:13:32.416927 [debug] [ThreadPool]: On list_mypostgresdb_public: Close
[0m09:13:32.419993 [debug] [MainThread]: Using postgres connection "master"
[0m09:13:32.419993 [debug] [MainThread]: On master: BEGIN
[0m09:13:32.420939 [debug] [MainThread]: Opening a new connection, currently in state init
[0m09:13:32.558573 [debug] [MainThread]: SQL status: BEGIN in 0.138 seconds
[0m09:13:32.558573 [debug] [MainThread]: Using postgres connection "master"
[0m09:13:32.559580 [debug] [MainThread]: On master: /* {"app": "dbt", "dbt_version": "1.10.5", "profile_name": "my_dbt_project", "target_name": "dev", "connection_name": "master"} */
with relation as (
        select
            pg_rewrite.ev_class as class,
            pg_rewrite.oid as id
        from pg_rewrite
    ),
    class as (
        select
            oid as id,
            relname as name,
            relnamespace as schema,
            relkind as kind
        from pg_class
    ),
    dependency as (
        select distinct
            pg_depend.objid as id,
            pg_depend.refobjid as ref
        from pg_depend
    ),
    schema as (
        select
            pg_namespace.oid as id,
            pg_namespace.nspname as name
        from pg_namespace
        where nspname != 'information_schema' and nspname not like 'pg\_%'
    ),
    referenced as (
        select
            relation.id AS id,
            referenced_class.name ,
            referenced_class.schema ,
            referenced_class.kind
        from relation
        join class as referenced_class on relation.class=referenced_class.id
        where referenced_class.kind in ('r', 'v', 'm')
    ),
    relationships as (
        select
            referenced.name as referenced_name,
            referenced.schema as referenced_schema_id,
            dependent_class.name as dependent_name,
            dependent_class.schema as dependent_schema_id,
            referenced.kind as kind
        from referenced
        join dependency on referenced.id=dependency.id
        join class as dependent_class on dependency.ref=dependent_class.id
        where
            (referenced.name != dependent_class.name or
             referenced.schema != dependent_class.schema)
    )

    select
        referenced_schema.name as referenced_schema,
        relationships.referenced_name as referenced_name,
        dependent_schema.name as dependent_schema,
        relationships.dependent_name as dependent_name
    from relationships
    join schema as dependent_schema on relationships.dependent_schema_id=dependent_schema.id
    join schema as referenced_schema on relationships.referenced_schema_id=referenced_schema.id
    group by referenced_schema, referenced_name, dependent_schema, dependent_name
    order by referenced_schema, referenced_name, dependent_schema, dependent_name;
[0m09:13:32.562580 [debug] [MainThread]: SQL status: SELECT 0 in 0.002 seconds
[0m09:13:32.563580 [debug] [MainThread]: Sending event: {'category': 'dbt', 'action': 'runnable_timing', 'label': '2f636463-cc92-49f1-9935-7837ed7f7036', 'context': [<snowplow_tracker.self_describing_json.SelfDescribingJson object at 0x000001DFD0DA5BD0>]}
[0m09:13:32.564633 [debug] [MainThread]: On master: ROLLBACK
[0m09:13:32.564633 [debug] [MainThread]: On master: Close
[0m09:13:32.567579 [debug] [Thread-1 (]: Began running node model.my_dbt_project.my_first_dbt_model
[0m09:13:32.568588 [debug] [Thread-1 (]: Acquiring new postgres connection 'model.my_dbt_project.my_first_dbt_model'
[0m09:13:32.568588 [debug] [Thread-1 (]: Began compiling node model.my_dbt_project.my_first_dbt_model
[0m09:13:32.573815 [debug] [Thread-1 (]: Writing injected SQL for node "model.my_dbt_project.my_first_dbt_model"
[0m09:13:32.575766 [debug] [Thread-1 (]: Began executing node model.my_dbt_project.my_first_dbt_model
[0m09:13:32.575766 [debug] [Thread-1 (]: Finished running node model.my_dbt_project.my_first_dbt_model
[0m09:13:32.576766 [debug] [Thread-1 (]: Began running node model.my_dbt_project.my_second_dbt_model
[0m09:13:32.577768 [debug] [Thread-1 (]: Re-using an available connection from the pool (formerly model.my_dbt_project.my_first_dbt_model, now model.my_dbt_project.my_second_dbt_model)
[0m09:13:32.577768 [debug] [Thread-1 (]: Began compiling node model.my_dbt_project.my_second_dbt_model
[0m09:13:32.579845 [debug] [Thread-1 (]: Writing injected SQL for node "model.my_dbt_project.my_second_dbt_model"
[0m09:13:32.579845 [debug] [Thread-1 (]: Began executing node model.my_dbt_project.my_second_dbt_model
[0m09:13:32.580771 [debug] [Thread-1 (]: Finished running node model.my_dbt_project.my_second_dbt_model
[0m09:13:32.580771 [debug] [Thread-1 (]: Began running node test.my_dbt_project.not_null_my_first_dbt_model_id.5fb22c2710
[0m09:13:32.580771 [debug] [Thread-1 (]: Re-using an available connection from the pool (formerly model.my_dbt_project.my_second_dbt_model, now test.my_dbt_project.not_null_my_first_dbt_model_id.5fb22c2710)
[0m09:13:32.580771 [debug] [Thread-1 (]: Began compiling node test.my_dbt_project.not_null_my_first_dbt_model_id.5fb22c2710
[0m09:13:32.590014 [debug] [Thread-1 (]: Writing injected SQL for node "test.my_dbt_project.not_null_my_first_dbt_model_id.5fb22c2710"
[0m09:13:32.591049 [debug] [Thread-1 (]: Began executing node test.my_dbt_project.not_null_my_first_dbt_model_id.5fb22c2710
[0m09:13:32.592055 [debug] [Thread-1 (]: Finished running node test.my_dbt_project.not_null_my_first_dbt_model_id.5fb22c2710
[0m09:13:32.592055 [debug] [Thread-1 (]: Began running node test.my_dbt_project.unique_my_first_dbt_model_id.16e066b321
[0m09:13:32.592055 [debug] [Thread-1 (]: Re-using an available connection from the pool (formerly test.my_dbt_project.not_null_my_first_dbt_model_id.5fb22c2710, now test.my_dbt_project.unique_my_first_dbt_model_id.16e066b321)
[0m09:13:32.593069 [debug] [Thread-1 (]: Began compiling node test.my_dbt_project.unique_my_first_dbt_model_id.16e066b321
[0m09:13:32.597055 [debug] [Thread-1 (]: Writing injected SQL for node "test.my_dbt_project.unique_my_first_dbt_model_id.16e066b321"
[0m09:13:32.598055 [debug] [Thread-1 (]: Began executing node test.my_dbt_project.unique_my_first_dbt_model_id.16e066b321
[0m09:13:32.598055 [debug] [Thread-1 (]: Finished running node test.my_dbt_project.unique_my_first_dbt_model_id.16e066b321
[0m09:13:32.599055 [debug] [Thread-1 (]: Began running node test.my_dbt_project.not_null_my_second_dbt_model_id.151b76d778
[0m09:13:32.599055 [debug] [Thread-1 (]: Re-using an available connection from the pool (formerly test.my_dbt_project.unique_my_first_dbt_model_id.16e066b321, now test.my_dbt_project.not_null_my_second_dbt_model_id.151b76d778)
[0m09:13:32.599055 [debug] [Thread-1 (]: Began compiling node test.my_dbt_project.not_null_my_second_dbt_model_id.151b76d778
[0m09:13:32.602298 [debug] [Thread-1 (]: Writing injected SQL for node "test.my_dbt_project.not_null_my_second_dbt_model_id.151b76d778"
[0m09:13:32.602298 [debug] [Thread-1 (]: Began executing node test.my_dbt_project.not_null_my_second_dbt_model_id.151b76d778
[0m09:13:32.603297 [debug] [Thread-1 (]: Finished running node test.my_dbt_project.not_null_my_second_dbt_model_id.151b76d778
[0m09:13:32.603297 [debug] [Thread-1 (]: Began running node test.my_dbt_project.unique_my_second_dbt_model_id.57a0f8c493
[0m09:13:32.603297 [debug] [Thread-1 (]: Re-using an available connection from the pool (formerly test.my_dbt_project.not_null_my_second_dbt_model_id.151b76d778, now test.my_dbt_project.unique_my_second_dbt_model_id.57a0f8c493)
[0m09:13:32.604308 [debug] [Thread-1 (]: Began compiling node test.my_dbt_project.unique_my_second_dbt_model_id.57a0f8c493
[0m09:13:32.607299 [debug] [Thread-1 (]: Writing injected SQL for node "test.my_dbt_project.unique_my_second_dbt_model_id.57a0f8c493"
[0m09:13:32.607299 [debug] [Thread-1 (]: Began executing node test.my_dbt_project.unique_my_second_dbt_model_id.57a0f8c493
[0m09:13:32.608297 [debug] [Thread-1 (]: Finished running node test.my_dbt_project.unique_my_second_dbt_model_id.57a0f8c493
[0m09:13:32.609086 [debug] [MainThread]: Connection 'master' was properly closed.
[0m09:13:32.609086 [debug] [MainThread]: Connection 'list_mypostgresdb_public' was properly closed.
[0m09:13:32.609086 [debug] [MainThread]: Connection 'test.my_dbt_project.unique_my_second_dbt_model_id.57a0f8c493' was properly closed.
[0m09:13:32.610093 [debug] [MainThread]: Command end result
[0m09:13:32.624455 [debug] [MainThread]: Wrote artifact WritableManifest to D:\my_dbt_project\target\manifest.json
[0m09:13:32.625395 [debug] [MainThread]: Wrote artifact SemanticManifest to D:\my_dbt_project\target\semantic_manifest.json
[0m09:13:32.630436 [debug] [MainThread]: Wrote artifact RunExecutionResult to D:\my_dbt_project\target\run_results.json
[0m09:13:32.631394 [debug] [MainThread]: Command `dbt compile` succeeded at 09:13:32.631394 after 1.11 seconds
[0m09:13:32.632428 [debug] [MainThread]: Sending event: {'category': 'dbt', 'action': 'invocation', 'label': 'end', 'context': [<snowplow_tracker.self_describing_json.SelfDescribingJson object at 0x000001DFCA2A12D0>, <snowplow_tracker.self_describing_json.SelfDescribingJson object at 0x000001DFCA228450>, <snowplow_tracker.self_describing_json.SelfDescribingJson object at 0x000001DFCA229190>]}
[0m09:13:32.632428 [debug] [MainThread]: Flushing usage events
[0m09:13:33.739650 [debug] [MainThread]: An error was encountered while trying to flush usage events
[0m09:13:42.611981 [debug] [MainThread]: Sending event: {'category': 'dbt', 'action': 'invocation', 'label': 'start', 'context': [<snowplow_tracker.self_describing_json.SelfDescribingJson object at 0x0000023739553010>, <snowplow_tracker.self_describing_json.SelfDescribingJson object at 0x00000237392B4250>, <snowplow_tracker.self_describing_json.SelfDescribingJson object at 0x000002373958A190>]}


============================== 09:13:42.614074 | 1f8d914a-4ccf-497f-8e70-2c646754e916 ==============================
[0m09:13:42.614074 [info ] [MainThread]: Running with dbt=1.10.5
[0m09:13:42.615011 [debug] [MainThread]: running dbt with arguments {'printer_width': '80', 'indirect_selection': 'eager', 'write_json': 'True', 'log_cache_events': 'False', 'partial_parse': 'True', 'cache_selected_only': 'False', 'warn_error': 'None', 'debug': 'False', 'version_check': 'True', 'log_path': 'D:\\my_dbt_project\\logs', 'profiles_dir': 'C:\\Users\\hp sys\\.dbt', 'fail_fast': 'False', 'use_colors': 'True', 'use_experimental_parser': 'False', 'no_print': 'None', 'quiet': 'False', 'empty': 'False', 'log_format': 'default', 'invocation_command': 'dbt run', 'static_parser': 'True', 'warn_error_options': 'WarnErrorOptionsV2(error=[], warn=[], silence=[])', 'target_path': 'None', 'introspect': 'True', 'send_anonymous_usage_stats': 'True'}
[0m09:13:42.737894 [debug] [MainThread]: Sending event: {'category': 'dbt', 'action': 'project_id', 'label': '1f8d914a-4ccf-497f-8e70-2c646754e916', 'context': [<snowplow_tracker.self_describing_json.SelfDescribingJson object at 0x00000237395CF350>]}
[0m09:13:42.777941 [debug] [MainThread]: Sending event: {'category': 'dbt', 'action': 'adapter_info', 'label': '1f8d914a-4ccf-497f-8e70-2c646754e916', 'context': [<snowplow_tracker.self_describing_json.SelfDescribingJson object at 0x00000237350D01D0>]}
[0m09:13:42.777941 [info ] [MainThread]: Registered adapter: postgres=1.9.0
[0m09:13:42.921221 [debug] [MainThread]: checksum: fa4c2685620973c5adba0a491aa9c06e8cf48c9113a5280b45b6efa706ae8f4b, vars: {}, profile: , target: , version: 1.10.5
[0m09:13:42.998312 [debug] [MainThread]: Partial parsing enabled: 0 files deleted, 0 files added, 0 files changed.
[0m09:13:42.998312 [debug] [MainThread]: Partial parsing enabled, no changes found, skipping parsing
[0m09:13:43.020980 [debug] [MainThread]: Sending event: {'category': 'dbt', 'action': 'load_project', 'label': '1f8d914a-4ccf-497f-8e70-2c646754e916', 'context': [<snowplow_tracker.self_describing_json.SelfDescribingJson object at 0x000002373A0C2850>]}
[0m09:13:43.063995 [debug] [MainThread]: Wrote artifact WritableManifest to D:\my_dbt_project\target\manifest.json
[0m09:13:43.065032 [debug] [MainThread]: Wrote artifact SemanticManifest to D:\my_dbt_project\target\semantic_manifest.json
[0m09:13:43.075984 [debug] [MainThread]: Sending event: {'category': 'dbt', 'action': 'resource_counts', 'label': '1f8d914a-4ccf-497f-8e70-2c646754e916', 'context': [<snowplow_tracker.self_describing_json.SelfDescribingJson object at 0x000002373A1CDDD0>]}
[0m09:13:43.075984 [info ] [MainThread]: Found 2 models, 4 data tests, 434 macros
[0m09:13:43.076982 [debug] [MainThread]: Sending event: {'category': 'dbt', 'action': 'runnable_timing', 'label': '1f8d914a-4ccf-497f-8e70-2c646754e916', 'context': [<snowplow_tracker.self_describing_json.SelfDescribingJson object at 0x000002373A0D1290>]}
[0m09:13:43.078037 [info ] [MainThread]: 
[0m09:13:43.078951 [info ] [MainThread]: Concurrency: 1 threads (target='dev')
[0m09:13:43.078951 [info ] [MainThread]: 
[0m09:13:43.079950 [debug] [MainThread]: Acquiring new postgres connection 'master'
[0m09:13:43.081998 [debug] [ThreadPool]: Acquiring new postgres connection 'list_mypostgresdb'
[0m09:13:43.121752 [debug] [ThreadPool]: Using postgres connection "list_mypostgresdb"
[0m09:13:43.121752 [debug] [ThreadPool]: On list_mypostgresdb: /* {"app": "dbt", "dbt_version": "1.10.5", "profile_name": "my_dbt_project", "target_name": "dev", "connection_name": "list_mypostgresdb"} */

    select distinct nspname from pg_namespace
  
[0m09:13:43.121752 [debug] [ThreadPool]: Opening a new connection, currently in state init
[0m09:13:43.155121 [debug] [ThreadPool]: SQL status: SELECT 4 in 0.033 seconds
[0m09:13:43.156122 [debug] [ThreadPool]: On list_mypostgresdb: Close
[0m09:13:43.157121 [debug] [ThreadPool]: Acquiring new postgres connection 'list_mypostgresdb_public'
[0m09:13:43.161122 [debug] [ThreadPool]: Using postgres connection "list_mypostgresdb_public"
[0m09:13:43.162122 [debug] [ThreadPool]: On list_mypostgresdb_public: BEGIN
[0m09:13:43.162122 [debug] [ThreadPool]: Opening a new connection, currently in state init
[0m09:13:43.194070 [debug] [ThreadPool]: SQL status: BEGIN in 0.032 seconds
[0m09:13:43.195144 [debug] [ThreadPool]: Using postgres connection "list_mypostgresdb_public"
[0m09:13:43.195144 [debug] [ThreadPool]: On list_mypostgresdb_public: /* {"app": "dbt", "dbt_version": "1.10.5", "profile_name": "my_dbt_project", "target_name": "dev", "connection_name": "list_mypostgresdb_public"} */
select
      'mypostgresdb' as database,
      tablename as name,
      schemaname as schema,
      'table' as type
    from pg_tables
    where schemaname ilike 'public'
    union all
    select
      'mypostgresdb' as database,
      viewname as name,
      schemaname as schema,
      'view' as type
    from pg_views
    where schemaname ilike 'public'
    union all
    select
      'mypostgresdb' as database,
      matviewname as name,
      schemaname as schema,
      'materialized_view' as type
    from pg_matviews
    where schemaname ilike 'public'
  
[0m09:13:43.197156 [debug] [ThreadPool]: SQL status: SELECT 1 in 0.002 seconds
[0m09:13:43.198160 [debug] [ThreadPool]: On list_mypostgresdb_public: ROLLBACK
[0m09:13:43.199161 [debug] [ThreadPool]: On list_mypostgresdb_public: Close
[0m09:13:43.202160 [debug] [MainThread]: Using postgres connection "master"
[0m09:13:43.203161 [debug] [MainThread]: On master: BEGIN
[0m09:13:43.203161 [debug] [MainThread]: Opening a new connection, currently in state init
[0m09:13:43.236354 [debug] [MainThread]: SQL status: BEGIN in 0.033 seconds
[0m09:13:43.236354 [debug] [MainThread]: Using postgres connection "master"
[0m09:13:43.237388 [debug] [MainThread]: On master: /* {"app": "dbt", "dbt_version": "1.10.5", "profile_name": "my_dbt_project", "target_name": "dev", "connection_name": "master"} */
with relation as (
        select
            pg_rewrite.ev_class as class,
            pg_rewrite.oid as id
        from pg_rewrite
    ),
    class as (
        select
            oid as id,
            relname as name,
            relnamespace as schema,
            relkind as kind
        from pg_class
    ),
    dependency as (
        select distinct
            pg_depend.objid as id,
            pg_depend.refobjid as ref
        from pg_depend
    ),
    schema as (
        select
            pg_namespace.oid as id,
            pg_namespace.nspname as name
        from pg_namespace
        where nspname != 'information_schema' and nspname not like 'pg\_%'
    ),
    referenced as (
        select
            relation.id AS id,
            referenced_class.name ,
            referenced_class.schema ,
            referenced_class.kind
        from relation
        join class as referenced_class on relation.class=referenced_class.id
        where referenced_class.kind in ('r', 'v', 'm')
    ),
    relationships as (
        select
            referenced.name as referenced_name,
            referenced.schema as referenced_schema_id,
            dependent_class.name as dependent_name,
            dependent_class.schema as dependent_schema_id,
            referenced.kind as kind
        from referenced
        join dependency on referenced.id=dependency.id
        join class as dependent_class on dependency.ref=dependent_class.id
        where
            (referenced.name != dependent_class.name or
             referenced.schema != dependent_class.schema)
    )

    select
        referenced_schema.name as referenced_schema,
        relationships.referenced_name as referenced_name,
        dependent_schema.name as dependent_schema,
        relationships.dependent_name as dependent_name
    from relationships
    join schema as dependent_schema on relationships.dependent_schema_id=dependent_schema.id
    join schema as referenced_schema on relationships.referenced_schema_id=referenced_schema.id
    group by referenced_schema, referenced_name, dependent_schema, dependent_name
    order by referenced_schema, referenced_name, dependent_schema, dependent_name;
[0m09:13:43.239460 [debug] [MainThread]: SQL status: SELECT 0 in 0.002 seconds
[0m09:13:43.240381 [debug] [MainThread]: Sending event: {'category': 'dbt', 'action': 'runnable_timing', 'label': '1f8d914a-4ccf-497f-8e70-2c646754e916', 'context': [<snowplow_tracker.self_describing_json.SelfDescribingJson object at 0x0000023739956690>]}
[0m09:13:43.240381 [debug] [MainThread]: On master: ROLLBACK
[0m09:13:43.241373 [debug] [MainThread]: Using postgres connection "master"
[0m09:13:43.241373 [debug] [MainThread]: On master: BEGIN
[0m09:13:43.242374 [debug] [MainThread]: SQL status: BEGIN in 0.000 seconds
[0m09:13:43.242374 [debug] [MainThread]: On master: COMMIT
[0m09:13:43.242374 [debug] [MainThread]: Using postgres connection "master"
[0m09:13:43.243377 [debug] [MainThread]: On master: COMMIT
[0m09:13:43.243377 [debug] [MainThread]: SQL status: COMMIT in 0.000 seconds
[0m09:13:43.243377 [debug] [MainThread]: On master: Close
[0m09:13:43.246377 [debug] [Thread-1 (]: Began running node model.my_dbt_project.my_first_dbt_model
[0m09:13:43.247374 [info ] [Thread-1 (]: 1 of 2 START sql table model public.my_first_dbt_model ......................... [RUN]
[0m09:13:43.247374 [debug] [Thread-1 (]: Acquiring new postgres connection 'model.my_dbt_project.my_first_dbt_model'
[0m09:13:43.247374 [debug] [Thread-1 (]: Began compiling node model.my_dbt_project.my_first_dbt_model
[0m09:13:43.252472 [debug] [Thread-1 (]: Writing injected SQL for node "model.my_dbt_project.my_first_dbt_model"
[0m09:13:43.253377 [debug] [Thread-1 (]: Began executing node model.my_dbt_project.my_first_dbt_model
[0m09:13:43.275474 [debug] [Thread-1 (]: Writing runtime sql for node "model.my_dbt_project.my_first_dbt_model"
[0m09:13:43.276375 [debug] [Thread-1 (]: Using postgres connection "model.my_dbt_project.my_first_dbt_model"
[0m09:13:43.276375 [debug] [Thread-1 (]: On model.my_dbt_project.my_first_dbt_model: BEGIN
[0m09:13:43.276375 [debug] [Thread-1 (]: Opening a new connection, currently in state init
[0m09:13:43.310557 [debug] [Thread-1 (]: SQL status: BEGIN in 0.034 seconds
[0m09:13:43.311574 [debug] [Thread-1 (]: Using postgres connection "model.my_dbt_project.my_first_dbt_model"
[0m09:13:43.311574 [debug] [Thread-1 (]: On model.my_dbt_project.my_first_dbt_model: /* {"app": "dbt", "dbt_version": "1.10.5", "profile_name": "my_dbt_project", "target_name": "dev", "node_id": "model.my_dbt_project.my_first_dbt_model"} */

  
    

  create  table "mypostgresdb"."public"."my_first_dbt_model__dbt_tmp"
  
  
    as
  
  (
    /*
    Welcome to your first dbt model!
    Did you know that you can also configure models directly within SQL files?
    This will override configurations stated in dbt_project.yml

    Try changing "table" to "view" below
*/



with source_data as (

    select 1 as id, 'Raj' as name, 'India' as country
    union all
    select 2 as id, 'Chris' as name, 'India' as country

)

select *
from source_data

/*
    Uncomment the line below to remove records with null `id` values
*/

-- where id is not null
  );
  
[0m09:13:43.316633 [debug] [Thread-1 (]: SQL status: SELECT 2 in 0.005 seconds
[0m09:13:43.322738 [debug] [Thread-1 (]: Using postgres connection "model.my_dbt_project.my_first_dbt_model"
[0m09:13:43.323632 [debug] [Thread-1 (]: On model.my_dbt_project.my_first_dbt_model: /* {"app": "dbt", "dbt_version": "1.10.5", "profile_name": "my_dbt_project", "target_name": "dev", "node_id": "model.my_dbt_project.my_first_dbt_model"} */
alter table "mypostgresdb"."public"."my_first_dbt_model__dbt_tmp" rename to "my_first_dbt_model"
[0m09:13:43.324632 [debug] [Thread-1 (]: SQL status: ALTER TABLE in 0.002 seconds
[0m09:13:43.333631 [debug] [Thread-1 (]: On model.my_dbt_project.my_first_dbt_model: COMMIT
[0m09:13:43.333631 [debug] [Thread-1 (]: Using postgres connection "model.my_dbt_project.my_first_dbt_model"
[0m09:13:43.334632 [debug] [Thread-1 (]: On model.my_dbt_project.my_first_dbt_model: COMMIT
[0m09:13:43.335505 [debug] [Thread-1 (]: SQL status: COMMIT in 0.000 seconds
[0m09:13:43.339514 [debug] [Thread-1 (]: Applying DROP to: "mypostgresdb"."public"."my_first_dbt_model__dbt_backup"
[0m09:13:43.342611 [debug] [Thread-1 (]: Using postgres connection "model.my_dbt_project.my_first_dbt_model"
[0m09:13:43.342611 [debug] [Thread-1 (]: On model.my_dbt_project.my_first_dbt_model: /* {"app": "dbt", "dbt_version": "1.10.5", "profile_name": "my_dbt_project", "target_name": "dev", "node_id": "model.my_dbt_project.my_first_dbt_model"} */
drop table if exists "mypostgresdb"."public"."my_first_dbt_model__dbt_backup" cascade
[0m09:13:43.343351 [debug] [Thread-1 (]: SQL status: DROP TABLE in 0.001 seconds
[0m09:13:43.345455 [debug] [Thread-1 (]: On model.my_dbt_project.my_first_dbt_model: Close
[0m09:13:43.346370 [debug] [Thread-1 (]: Sending event: {'category': 'dbt', 'action': 'run_model', 'label': '1f8d914a-4ccf-497f-8e70-2c646754e916', 'context': [<snowplow_tracker.self_describing_json.SelfDescribingJson object at 0x000002373A607E10>]}
[0m09:13:43.347369 [info ] [Thread-1 (]: 1 of 2 OK created sql table model public.my_first_dbt_model .................... [[32mSELECT 2[0m in 0.10s]
[0m09:13:43.348370 [debug] [Thread-1 (]: Finished running node model.my_dbt_project.my_first_dbt_model
[0m09:13:43.348370 [debug] [Thread-1 (]: Began running node model.my_dbt_project.my_second_dbt_model
[0m09:13:43.349378 [info ] [Thread-1 (]: 2 of 2 START sql view model public.my_second_dbt_model ......................... [RUN]
[0m09:13:43.350369 [debug] [Thread-1 (]: Re-using an available connection from the pool (formerly model.my_dbt_project.my_first_dbt_model, now model.my_dbt_project.my_second_dbt_model)
[0m09:13:43.350369 [debug] [Thread-1 (]: Began compiling node model.my_dbt_project.my_second_dbt_model
[0m09:13:43.351431 [debug] [Thread-1 (]: Writing injected SQL for node "model.my_dbt_project.my_second_dbt_model"
[0m09:13:43.352415 [debug] [Thread-1 (]: Began executing node model.my_dbt_project.my_second_dbt_model
[0m09:13:43.397664 [debug] [Thread-1 (]: Writing runtime sql for node "model.my_dbt_project.my_second_dbt_model"
[0m09:13:43.398668 [debug] [Thread-1 (]: Using postgres connection "model.my_dbt_project.my_second_dbt_model"
[0m09:13:43.398668 [debug] [Thread-1 (]: On model.my_dbt_project.my_second_dbt_model: BEGIN
[0m09:13:43.398668 [debug] [Thread-1 (]: Opening a new connection, currently in state closed
[0m09:13:43.431914 [debug] [Thread-1 (]: SQL status: BEGIN in 0.033 seconds
[0m09:13:43.431914 [debug] [Thread-1 (]: Using postgres connection "model.my_dbt_project.my_second_dbt_model"
[0m09:13:43.431914 [debug] [Thread-1 (]: On model.my_dbt_project.my_second_dbt_model: /* {"app": "dbt", "dbt_version": "1.10.5", "profile_name": "my_dbt_project", "target_name": "dev", "node_id": "model.my_dbt_project.my_second_dbt_model"} */

  create view "mypostgresdb"."public"."my_second_dbt_model__dbt_tmp"
    
    
  as (
    -- Use the `ref` function to select from other models

select *
from "mypostgresdb"."public"."my_first_dbt_model"
where id = 1
  );
[0m09:13:43.436351 [debug] [Thread-1 (]: SQL status: CREATE VIEW in 0.003 seconds
[0m09:13:43.438362 [debug] [Thread-1 (]: Using postgres connection "model.my_dbt_project.my_second_dbt_model"
[0m09:13:43.438362 [debug] [Thread-1 (]: On model.my_dbt_project.my_second_dbt_model: /* {"app": "dbt", "dbt_version": "1.10.5", "profile_name": "my_dbt_project", "target_name": "dev", "node_id": "model.my_dbt_project.my_second_dbt_model"} */
alter table "mypostgresdb"."public"."my_second_dbt_model__dbt_tmp" rename to "my_second_dbt_model"
[0m09:13:43.439361 [debug] [Thread-1 (]: SQL status: ALTER TABLE in 0.000 seconds
[0m09:13:43.440345 [debug] [Thread-1 (]: On model.my_dbt_project.my_second_dbt_model: COMMIT
[0m09:13:43.440345 [debug] [Thread-1 (]: Using postgres connection "model.my_dbt_project.my_second_dbt_model"
[0m09:13:43.441362 [debug] [Thread-1 (]: On model.my_dbt_project.my_second_dbt_model: COMMIT
[0m09:13:43.441362 [debug] [Thread-1 (]: SQL status: COMMIT in 0.000 seconds
[0m09:13:43.443346 [debug] [Thread-1 (]: Applying DROP to: "mypostgresdb"."public"."my_second_dbt_model__dbt_backup"
[0m09:13:43.445346 [debug] [Thread-1 (]: Using postgres connection "model.my_dbt_project.my_second_dbt_model"
[0m09:13:43.445346 [debug] [Thread-1 (]: On model.my_dbt_project.my_second_dbt_model: /* {"app": "dbt", "dbt_version": "1.10.5", "profile_name": "my_dbt_project", "target_name": "dev", "node_id": "model.my_dbt_project.my_second_dbt_model"} */
drop view if exists "mypostgresdb"."public"."my_second_dbt_model__dbt_backup" cascade
[0m09:13:43.446345 [debug] [Thread-1 (]: SQL status: DROP VIEW in 0.000 seconds
[0m09:13:43.446345 [debug] [Thread-1 (]: On model.my_dbt_project.my_second_dbt_model: Close
[0m09:13:43.447346 [debug] [Thread-1 (]: Sending event: {'category': 'dbt', 'action': 'run_model', 'label': '1f8d914a-4ccf-497f-8e70-2c646754e916', 'context': [<snowplow_tracker.self_describing_json.SelfDescribingJson object at 0x000002373A20CAD0>]}
[0m09:13:43.447346 [info ] [Thread-1 (]: 2 of 2 OK created sql view model public.my_second_dbt_model .................... [[32mCREATE VIEW[0m in 0.10s]
[0m09:13:43.448346 [debug] [Thread-1 (]: Finished running node model.my_dbt_project.my_second_dbt_model
[0m09:13:43.449522 [debug] [MainThread]: Using postgres connection "master"
[0m09:13:43.450528 [debug] [MainThread]: On master: BEGIN
[0m09:13:43.450528 [debug] [MainThread]: Opening a new connection, currently in state closed
[0m09:13:43.599288 [debug] [MainThread]: SQL status: BEGIN in 0.149 seconds
[0m09:13:43.600296 [debug] [MainThread]: On master: COMMIT
[0m09:13:43.600296 [debug] [MainThread]: Using postgres connection "master"
[0m09:13:43.600296 [debug] [MainThread]: On master: COMMIT
[0m09:13:43.601296 [debug] [MainThread]: SQL status: COMMIT in 0.000 seconds
[0m09:13:43.601296 [debug] [MainThread]: On master: Close
[0m09:13:43.602295 [debug] [MainThread]: Connection 'master' was properly closed.
[0m09:13:43.602295 [debug] [MainThread]: Connection 'list_mypostgresdb' was properly closed.
[0m09:13:43.602295 [debug] [MainThread]: Connection 'list_mypostgresdb_public' was properly closed.
[0m09:13:43.602295 [debug] [MainThread]: Connection 'model.my_dbt_project.my_second_dbt_model' was properly closed.
[0m09:13:43.603296 [info ] [MainThread]: 
[0m09:13:43.603296 [info ] [MainThread]: Finished running 1 table model, 1 view model in 0 hours 0 minutes and 0.52 seconds (0.52s).
[0m09:13:43.604300 [debug] [MainThread]: Command end result
[0m09:13:43.615800 [debug] [MainThread]: Wrote artifact WritableManifest to D:\my_dbt_project\target\manifest.json
[0m09:13:43.617801 [debug] [MainThread]: Wrote artifact SemanticManifest to D:\my_dbt_project\target\semantic_manifest.json
[0m09:13:43.621802 [debug] [MainThread]: Wrote artifact RunExecutionResult to D:\my_dbt_project\target\run_results.json
[0m09:13:43.621802 [info ] [MainThread]: 
[0m09:13:43.622825 [info ] [MainThread]: [32mCompleted successfully[0m
[0m09:13:43.623802 [info ] [MainThread]: 
[0m09:13:43.624802 [info ] [MainThread]: Done. PASS=2 WARN=0 ERROR=0 SKIP=0 NO-OP=0 TOTAL=2
[0m09:13:43.625801 [debug] [MainThread]: Command `dbt run` succeeded at 09:13:43.624802 after 1.07 seconds
[0m09:13:43.625801 [debug] [MainThread]: Sending event: {'category': 'dbt', 'action': 'invocation', 'label': 'end', 'context': [<snowplow_tracker.self_describing_json.SelfDescribingJson object at 0x0000023737DF68D0>, <snowplow_tracker.self_describing_json.SelfDescribingJson object at 0x0000023733C28450>, <snowplow_tracker.self_describing_json.SelfDescribingJson object at 0x0000023733C29110>]}
[0m09:13:43.625801 [debug] [MainThread]: Flushing usage events
[0m09:13:44.628685 [debug] [MainThread]: An error was encountered while trying to flush usage events
[0m09:17:05.468580 [debug] [MainThread]: Sending event: {'category': 'dbt', 'action': 'invocation', 'label': 'start', 'context': [<snowplow_tracker.self_describing_json.SelfDescribingJson object at 0x000001AE3BCAE950>, <snowplow_tracker.self_describing_json.SelfDescribingJson object at 0x000001AE3B7BA6D0>, <snowplow_tracker.self_describing_json.SelfDescribingJson object at 0x000001AE3BC50190>]}


============================== 09:17:05.470581 | a0de1cb6-8af7-409e-9bf4-12f2ca06ad91 ==============================
[0m09:17:05.470581 [info ] [MainThread]: Running with dbt=1.10.5
[0m09:17:05.471581 [debug] [MainThread]: running dbt with arguments {'printer_width': '80', 'indirect_selection': 'eager', 'write_json': 'True', 'log_cache_events': 'False', 'partial_parse': 'True', 'cache_selected_only': 'False', 'profiles_dir': 'C:\\Users\\hp sys\\.dbt', 'debug': 'False', 'warn_error': 'None', 'log_path': 'D:\\my_dbt_project\\logs', 'version_check': 'True', 'fail_fast': 'False', 'use_colors': 'True', 'use_experimental_parser': 'False', 'no_print': 'None', 'quiet': 'False', 'empty': 'False', 'log_format': 'default', 'invocation_command': 'dbt compile', 'static_parser': 'True', 'introspect': 'True', 'target_path': 'None', 'warn_error_options': 'WarnErrorOptionsV2(error=[], warn=[], silence=[])', 'send_anonymous_usage_stats': 'True'}
[0m09:17:05.598741 [debug] [MainThread]: Sending event: {'category': 'dbt', 'action': 'project_id', 'label': 'a0de1cb6-8af7-409e-9bf4-12f2ca06ad91', 'context': [<snowplow_tracker.self_describing_json.SelfDescribingJson object at 0x000001AE3BE57650>]}
[0m09:17:05.638256 [debug] [MainThread]: Sending event: {'category': 'dbt', 'action': 'adapter_info', 'label': 'a0de1cb6-8af7-409e-9bf4-12f2ca06ad91', 'context': [<snowplow_tracker.self_describing_json.SelfDescribingJson object at 0x000001AE374D1110>]}
[0m09:17:05.638256 [info ] [MainThread]: Registered adapter: postgres=1.9.0
[0m09:17:05.777911 [debug] [MainThread]: checksum: fa4c2685620973c5adba0a491aa9c06e8cf48c9113a5280b45b6efa706ae8f4b, vars: {}, profile: , target: , version: 1.10.5
[0m09:17:05.854845 [debug] [MainThread]: Partial parsing enabled: 0 files deleted, 0 files added, 1 files changed.
[0m09:17:05.855868 [debug] [MainThread]: Partial parsing: updated file: my_dbt_project://models\example\my_second_dbt_model.sql
[0m09:17:06.101840 [debug] [MainThread]: Sending event: {'category': 'dbt', 'action': 'load_project', 'label': 'a0de1cb6-8af7-409e-9bf4-12f2ca06ad91', 'context': [<snowplow_tracker.self_describing_json.SelfDescribingJson object at 0x000001AE3C6F1A10>]}
[0m09:17:06.182398 [debug] [MainThread]: Wrote artifact WritableManifest to D:\my_dbt_project\target\manifest.json
[0m09:17:06.184381 [debug] [MainThread]: Wrote artifact SemanticManifest to D:\my_dbt_project\target\semantic_manifest.json
[0m09:17:06.195400 [debug] [MainThread]: Sending event: {'category': 'dbt', 'action': 'resource_counts', 'label': 'a0de1cb6-8af7-409e-9bf4-12f2ca06ad91', 'context': [<snowplow_tracker.self_describing_json.SelfDescribingJson object at 0x000001AE3C7D7A50>]}
[0m09:17:06.195400 [info ] [MainThread]: Found 2 models, 4 data tests, 434 macros
[0m09:17:06.196381 [debug] [MainThread]: Sending event: {'category': 'dbt', 'action': 'runnable_timing', 'label': 'a0de1cb6-8af7-409e-9bf4-12f2ca06ad91', 'context': [<snowplow_tracker.self_describing_json.SelfDescribingJson object at 0x000001AE3C947090>]}
[0m09:17:06.197403 [info ] [MainThread]: 
[0m09:17:06.198382 [info ] [MainThread]: Concurrency: 1 threads (target='dev')
[0m09:17:06.198756 [info ] [MainThread]: 
[0m09:17:06.198756 [debug] [MainThread]: Acquiring new postgres connection 'master'
[0m09:17:06.202041 [debug] [ThreadPool]: Acquiring new postgres connection 'list_mypostgresdb_public'
[0m09:17:06.239747 [debug] [ThreadPool]: Using postgres connection "list_mypostgresdb_public"
[0m09:17:06.239747 [debug] [ThreadPool]: On list_mypostgresdb_public: BEGIN
[0m09:17:06.240707 [debug] [ThreadPool]: Opening a new connection, currently in state init
[0m09:17:06.276258 [debug] [ThreadPool]: SQL status: BEGIN in 0.036 seconds
[0m09:17:06.276258 [debug] [ThreadPool]: Using postgres connection "list_mypostgresdb_public"
[0m09:17:06.277263 [debug] [ThreadPool]: On list_mypostgresdb_public: /* {"app": "dbt", "dbt_version": "1.10.5", "profile_name": "my_dbt_project", "target_name": "dev", "connection_name": "list_mypostgresdb_public"} */
select
      'mypostgresdb' as database,
      tablename as name,
      schemaname as schema,
      'table' as type
    from pg_tables
    where schemaname ilike 'public'
    union all
    select
      'mypostgresdb' as database,
      viewname as name,
      schemaname as schema,
      'view' as type
    from pg_views
    where schemaname ilike 'public'
    union all
    select
      'mypostgresdb' as database,
      matviewname as name,
      schemaname as schema,
      'materialized_view' as type
    from pg_matviews
    where schemaname ilike 'public'
  
[0m09:17:06.279264 [debug] [ThreadPool]: SQL status: SELECT 3 in 0.002 seconds
[0m09:17:06.280302 [debug] [ThreadPool]: On list_mypostgresdb_public: ROLLBACK
[0m09:17:06.281264 [debug] [ThreadPool]: On list_mypostgresdb_public: Close
[0m09:17:06.285617 [debug] [MainThread]: Using postgres connection "master"
[0m09:17:06.285617 [debug] [MainThread]: On master: BEGIN
[0m09:17:06.285617 [debug] [MainThread]: Opening a new connection, currently in state init
[0m09:17:06.316876 [debug] [MainThread]: SQL status: BEGIN in 0.030 seconds
[0m09:17:06.316876 [debug] [MainThread]: Using postgres connection "master"
[0m09:17:06.316876 [debug] [MainThread]: On master: /* {"app": "dbt", "dbt_version": "1.10.5", "profile_name": "my_dbt_project", "target_name": "dev", "connection_name": "master"} */
with relation as (
        select
            pg_rewrite.ev_class as class,
            pg_rewrite.oid as id
        from pg_rewrite
    ),
    class as (
        select
            oid as id,
            relname as name,
            relnamespace as schema,
            relkind as kind
        from pg_class
    ),
    dependency as (
        select distinct
            pg_depend.objid as id,
            pg_depend.refobjid as ref
        from pg_depend
    ),
    schema as (
        select
            pg_namespace.oid as id,
            pg_namespace.nspname as name
        from pg_namespace
        where nspname != 'information_schema' and nspname not like 'pg\_%'
    ),
    referenced as (
        select
            relation.id AS id,
            referenced_class.name ,
            referenced_class.schema ,
            referenced_class.kind
        from relation
        join class as referenced_class on relation.class=referenced_class.id
        where referenced_class.kind in ('r', 'v', 'm')
    ),
    relationships as (
        select
            referenced.name as referenced_name,
            referenced.schema as referenced_schema_id,
            dependent_class.name as dependent_name,
            dependent_class.schema as dependent_schema_id,
            referenced.kind as kind
        from referenced
        join dependency on referenced.id=dependency.id
        join class as dependent_class on dependency.ref=dependent_class.id
        where
            (referenced.name != dependent_class.name or
             referenced.schema != dependent_class.schema)
    )

    select
        referenced_schema.name as referenced_schema,
        relationships.referenced_name as referenced_name,
        dependent_schema.name as dependent_schema,
        relationships.dependent_name as dependent_name
    from relationships
    join schema as dependent_schema on relationships.dependent_schema_id=dependent_schema.id
    join schema as referenced_schema on relationships.referenced_schema_id=referenced_schema.id
    group by referenced_schema, referenced_name, dependent_schema, dependent_name
    order by referenced_schema, referenced_name, dependent_schema, dependent_name;
[0m09:17:06.319929 [debug] [MainThread]: SQL status: SELECT 1 in 0.002 seconds
[0m09:17:06.320878 [debug] [MainThread]: Sending event: {'category': 'dbt', 'action': 'runnable_timing', 'label': 'a0de1cb6-8af7-409e-9bf4-12f2ca06ad91', 'context': [<snowplow_tracker.self_describing_json.SelfDescribingJson object at 0x000001AE3C749B90>]}
[0m09:17:06.321877 [debug] [MainThread]: On master: ROLLBACK
[0m09:17:06.321877 [debug] [MainThread]: On master: Close
[0m09:17:06.324955 [debug] [Thread-1 (]: Began running node model.my_dbt_project.my_first_dbt_model
[0m09:17:06.325960 [debug] [Thread-1 (]: Acquiring new postgres connection 'model.my_dbt_project.my_first_dbt_model'
[0m09:17:06.325960 [debug] [Thread-1 (]: Began compiling node model.my_dbt_project.my_first_dbt_model
[0m09:17:06.331001 [debug] [Thread-1 (]: Writing injected SQL for node "model.my_dbt_project.my_first_dbt_model"
[0m09:17:06.331001 [debug] [Thread-1 (]: Began executing node model.my_dbt_project.my_first_dbt_model
[0m09:17:06.331956 [debug] [Thread-1 (]: Finished running node model.my_dbt_project.my_first_dbt_model
[0m09:17:06.332955 [debug] [Thread-1 (]: Began running node model.my_dbt_project.my_second_dbt_model
[0m09:17:06.332955 [debug] [Thread-1 (]: Re-using an available connection from the pool (formerly model.my_dbt_project.my_first_dbt_model, now model.my_dbt_project.my_second_dbt_model)
[0m09:17:06.332955 [debug] [Thread-1 (]: Began compiling node model.my_dbt_project.my_second_dbt_model
[0m09:17:06.334956 [debug] [Thread-1 (]: Writing injected SQL for node "model.my_dbt_project.my_second_dbt_model"
[0m09:17:06.335955 [debug] [Thread-1 (]: Began executing node model.my_dbt_project.my_second_dbt_model
[0m09:17:06.335955 [debug] [Thread-1 (]: Finished running node model.my_dbt_project.my_second_dbt_model
[0m09:17:06.335955 [debug] [Thread-1 (]: Began running node test.my_dbt_project.not_null_my_first_dbt_model_id.5fb22c2710
[0m09:17:06.336957 [debug] [Thread-1 (]: Re-using an available connection from the pool (formerly model.my_dbt_project.my_second_dbt_model, now test.my_dbt_project.not_null_my_first_dbt_model_id.5fb22c2710)
[0m09:17:06.336957 [debug] [Thread-1 (]: Began compiling node test.my_dbt_project.not_null_my_first_dbt_model_id.5fb22c2710
[0m09:17:06.343955 [debug] [Thread-1 (]: Writing injected SQL for node "test.my_dbt_project.not_null_my_first_dbt_model_id.5fb22c2710"
[0m09:17:06.344955 [debug] [Thread-1 (]: Began executing node test.my_dbt_project.not_null_my_first_dbt_model_id.5fb22c2710
[0m09:17:06.344955 [debug] [Thread-1 (]: Finished running node test.my_dbt_project.not_null_my_first_dbt_model_id.5fb22c2710
[0m09:17:06.345955 [debug] [Thread-1 (]: Began running node test.my_dbt_project.unique_my_first_dbt_model_id.16e066b321
[0m09:17:06.345955 [debug] [Thread-1 (]: Re-using an available connection from the pool (formerly test.my_dbt_project.not_null_my_first_dbt_model_id.5fb22c2710, now test.my_dbt_project.unique_my_first_dbt_model_id.16e066b321)
[0m09:17:06.345955 [debug] [Thread-1 (]: Began compiling node test.my_dbt_project.unique_my_first_dbt_model_id.16e066b321
[0m09:17:06.349956 [debug] [Thread-1 (]: Writing injected SQL for node "test.my_dbt_project.unique_my_first_dbt_model_id.16e066b321"
[0m09:17:06.349956 [debug] [Thread-1 (]: Began executing node test.my_dbt_project.unique_my_first_dbt_model_id.16e066b321
[0m09:17:06.350957 [debug] [Thread-1 (]: Finished running node test.my_dbt_project.unique_my_first_dbt_model_id.16e066b321
[0m09:17:06.350957 [debug] [Thread-1 (]: Began running node test.my_dbt_project.not_null_my_second_dbt_model_id.151b76d778
[0m09:17:06.351956 [debug] [Thread-1 (]: Re-using an available connection from the pool (formerly test.my_dbt_project.unique_my_first_dbt_model_id.16e066b321, now test.my_dbt_project.not_null_my_second_dbt_model_id.151b76d778)
[0m09:17:06.351956 [debug] [Thread-1 (]: Began compiling node test.my_dbt_project.not_null_my_second_dbt_model_id.151b76d778
[0m09:17:06.353956 [debug] [Thread-1 (]: Writing injected SQL for node "test.my_dbt_project.not_null_my_second_dbt_model_id.151b76d778"
[0m09:17:06.354955 [debug] [Thread-1 (]: Began executing node test.my_dbt_project.not_null_my_second_dbt_model_id.151b76d778
[0m09:17:06.354955 [debug] [Thread-1 (]: Finished running node test.my_dbt_project.not_null_my_second_dbt_model_id.151b76d778
[0m09:17:06.355955 [debug] [Thread-1 (]: Began running node test.my_dbt_project.unique_my_second_dbt_model_id.57a0f8c493
[0m09:17:06.355955 [debug] [Thread-1 (]: Re-using an available connection from the pool (formerly test.my_dbt_project.not_null_my_second_dbt_model_id.151b76d778, now test.my_dbt_project.unique_my_second_dbt_model_id.57a0f8c493)
[0m09:17:06.355955 [debug] [Thread-1 (]: Began compiling node test.my_dbt_project.unique_my_second_dbt_model_id.57a0f8c493
[0m09:17:06.358025 [debug] [Thread-1 (]: Writing injected SQL for node "test.my_dbt_project.unique_my_second_dbt_model_id.57a0f8c493"
[0m09:17:06.359002 [debug] [Thread-1 (]: Began executing node test.my_dbt_project.unique_my_second_dbt_model_id.57a0f8c493
[0m09:17:06.359002 [debug] [Thread-1 (]: Finished running node test.my_dbt_project.unique_my_second_dbt_model_id.57a0f8c493
[0m09:17:06.360689 [debug] [MainThread]: Connection 'master' was properly closed.
[0m09:17:06.360689 [debug] [MainThread]: Connection 'list_mypostgresdb_public' was properly closed.
[0m09:17:06.360689 [debug] [MainThread]: Connection 'test.my_dbt_project.unique_my_second_dbt_model_id.57a0f8c493' was properly closed.
[0m09:17:06.361759 [debug] [MainThread]: Command end result
[0m09:17:06.373741 [debug] [MainThread]: Wrote artifact WritableManifest to D:\my_dbt_project\target\manifest.json
[0m09:17:06.374804 [debug] [MainThread]: Wrote artifact SemanticManifest to D:\my_dbt_project\target\semantic_manifest.json
[0m09:17:06.379748 [debug] [MainThread]: Wrote artifact RunExecutionResult to D:\my_dbt_project\target\run_results.json
[0m09:17:06.379748 [debug] [MainThread]: Command `dbt compile` succeeded at 09:17:06.379748 after 0.97 seconds
[0m09:17:06.380740 [debug] [MainThread]: Sending event: {'category': 'dbt', 'action': 'invocation', 'label': 'end', 'context': [<snowplow_tracker.self_describing_json.SelfDescribingJson object at 0x000001AE3BC7A0D0>, <snowplow_tracker.self_describing_json.SelfDescribingJson object at 0x000001AE35F012D0>, <snowplow_tracker.self_describing_json.SelfDescribingJson object at 0x000001AE35E88450>]}
[0m09:17:06.380740 [debug] [MainThread]: Flushing usage events
[0m09:17:07.555550 [debug] [MainThread]: An error was encountered while trying to flush usage events
[0m09:17:14.358839 [debug] [MainThread]: Sending event: {'category': 'dbt', 'action': 'invocation', 'label': 'start', 'context': [<snowplow_tracker.self_describing_json.SelfDescribingJson object at 0x00000246CA7B6050>, <snowplow_tracker.self_describing_json.SelfDescribingJson object at 0x00000246CA7B64D0>, <snowplow_tracker.self_describing_json.SelfDescribingJson object at 0x00000246CA7530D0>]}


============================== 09:17:14.361889 | 53767ee6-40e0-478d-9089-8019f8ad854f ==============================
[0m09:17:14.361889 [info ] [MainThread]: Running with dbt=1.10.5
[0m09:17:14.362930 [debug] [MainThread]: running dbt with arguments {'printer_width': '80', 'indirect_selection': 'eager', 'write_json': 'True', 'log_cache_events': 'False', 'partial_parse': 'True', 'cache_selected_only': 'False', 'profiles_dir': 'C:\\Users\\hp sys\\.dbt', 'version_check': 'True', 'debug': 'False', 'log_path': 'D:\\my_dbt_project\\logs', 'warn_error': 'None', 'fail_fast': 'False', 'use_colors': 'True', 'use_experimental_parser': 'False', 'no_print': 'None', 'quiet': 'False', 'empty': 'False', 'log_format': 'default', 'static_parser': 'True', 'introspect': 'True', 'invocation_command': 'dbt run', 'target_path': 'None', 'warn_error_options': 'WarnErrorOptionsV2(error=[], warn=[], silence=[])', 'send_anonymous_usage_stats': 'True'}
[0m09:17:14.488498 [debug] [MainThread]: Sending event: {'category': 'dbt', 'action': 'project_id', 'label': '53767ee6-40e0-478d-9089-8019f8ad854f', 'context': [<snowplow_tracker.self_describing_json.SelfDescribingJson object at 0x00000246CA7C5050>]}
[0m09:17:14.528044 [debug] [MainThread]: Sending event: {'category': 'dbt', 'action': 'adapter_info', 'label': '53767ee6-40e0-478d-9089-8019f8ad854f', 'context': [<snowplow_tracker.self_describing_json.SelfDescribingJson object at 0x00000246C61D0B10>]}
[0m09:17:14.529028 [info ] [MainThread]: Registered adapter: postgres=1.9.0
[0m09:17:14.669504 [debug] [MainThread]: checksum: fa4c2685620973c5adba0a491aa9c06e8cf48c9113a5280b45b6efa706ae8f4b, vars: {}, profile: , target: , version: 1.10.5
[0m09:17:14.746180 [debug] [MainThread]: Partial parsing enabled: 0 files deleted, 0 files added, 0 files changed.
[0m09:17:14.746180 [debug] [MainThread]: Partial parsing enabled, no changes found, skipping parsing
[0m09:17:14.770222 [debug] [MainThread]: Sending event: {'category': 'dbt', 'action': 'load_project', 'label': '53767ee6-40e0-478d-9089-8019f8ad854f', 'context': [<snowplow_tracker.self_describing_json.SelfDescribingJson object at 0x00000246CAFFC810>]}
[0m09:17:14.812356 [debug] [MainThread]: Wrote artifact WritableManifest to D:\my_dbt_project\target\manifest.json
[0m09:17:14.813333 [debug] [MainThread]: Wrote artifact SemanticManifest to D:\my_dbt_project\target\semantic_manifest.json
[0m09:17:14.824468 [debug] [MainThread]: Sending event: {'category': 'dbt', 'action': 'resource_counts', 'label': '53767ee6-40e0-478d-9089-8019f8ad854f', 'context': [<snowplow_tracker.self_describing_json.SelfDescribingJson object at 0x00000246CB3CB490>]}
[0m09:17:14.824468 [info ] [MainThread]: Found 2 models, 4 data tests, 434 macros
[0m09:17:14.825441 [debug] [MainThread]: Sending event: {'category': 'dbt', 'action': 'runnable_timing', 'label': '53767ee6-40e0-478d-9089-8019f8ad854f', 'context': [<snowplow_tracker.self_describing_json.SelfDescribingJson object at 0x00000246CAFBCCD0>]}
[0m09:17:14.826436 [info ] [MainThread]: 
[0m09:17:14.826436 [info ] [MainThread]: Concurrency: 1 threads (target='dev')
[0m09:17:14.827384 [info ] [MainThread]: 
[0m09:17:14.827384 [debug] [MainThread]: Acquiring new postgres connection 'master'
[0m09:17:14.830618 [debug] [ThreadPool]: Acquiring new postgres connection 'list_mypostgresdb'
[0m09:17:14.868640 [debug] [ThreadPool]: Using postgres connection "list_mypostgresdb"
[0m09:17:14.869641 [debug] [ThreadPool]: On list_mypostgresdb: /* {"app": "dbt", "dbt_version": "1.10.5", "profile_name": "my_dbt_project", "target_name": "dev", "connection_name": "list_mypostgresdb"} */

    select distinct nspname from pg_namespace
  
[0m09:17:14.869641 [debug] [ThreadPool]: Opening a new connection, currently in state init
[0m09:17:14.907781 [debug] [ThreadPool]: SQL status: SELECT 4 in 0.037 seconds
[0m09:17:14.908795 [debug] [ThreadPool]: On list_mypostgresdb: Close
[0m09:17:14.909753 [debug] [ThreadPool]: Acquiring new postgres connection 'list_mypostgresdb_public'
[0m09:17:14.913867 [debug] [ThreadPool]: Using postgres connection "list_mypostgresdb_public"
[0m09:17:14.914805 [debug] [ThreadPool]: On list_mypostgresdb_public: BEGIN
[0m09:17:14.914805 [debug] [ThreadPool]: Opening a new connection, currently in state init
[0m09:17:14.949705 [debug] [ThreadPool]: SQL status: BEGIN in 0.035 seconds
[0m09:17:14.949705 [debug] [ThreadPool]: Using postgres connection "list_mypostgresdb_public"
[0m09:17:14.950720 [debug] [ThreadPool]: On list_mypostgresdb_public: /* {"app": "dbt", "dbt_version": "1.10.5", "profile_name": "my_dbt_project", "target_name": "dev", "connection_name": "list_mypostgresdb_public"} */
select
      'mypostgresdb' as database,
      tablename as name,
      schemaname as schema,
      'table' as type
    from pg_tables
    where schemaname ilike 'public'
    union all
    select
      'mypostgresdb' as database,
      viewname as name,
      schemaname as schema,
      'view' as type
    from pg_views
    where schemaname ilike 'public'
    union all
    select
      'mypostgresdb' as database,
      matviewname as name,
      schemaname as schema,
      'materialized_view' as type
    from pg_matviews
    where schemaname ilike 'public'
  
[0m09:17:14.952732 [debug] [ThreadPool]: SQL status: SELECT 3 in 0.002 seconds
[0m09:17:14.953733 [debug] [ThreadPool]: On list_mypostgresdb_public: ROLLBACK
[0m09:17:14.954733 [debug] [ThreadPool]: On list_mypostgresdb_public: Close
[0m09:17:14.957739 [debug] [MainThread]: Using postgres connection "master"
[0m09:17:14.957739 [debug] [MainThread]: On master: BEGIN
[0m09:17:14.958739 [debug] [MainThread]: Opening a new connection, currently in state init
[0m09:17:15.109646 [debug] [MainThread]: SQL status: BEGIN in 0.151 seconds
[0m09:17:15.109646 [debug] [MainThread]: Using postgres connection "master"
[0m09:17:15.110599 [debug] [MainThread]: On master: /* {"app": "dbt", "dbt_version": "1.10.5", "profile_name": "my_dbt_project", "target_name": "dev", "connection_name": "master"} */
with relation as (
        select
            pg_rewrite.ev_class as class,
            pg_rewrite.oid as id
        from pg_rewrite
    ),
    class as (
        select
            oid as id,
            relname as name,
            relnamespace as schema,
            relkind as kind
        from pg_class
    ),
    dependency as (
        select distinct
            pg_depend.objid as id,
            pg_depend.refobjid as ref
        from pg_depend
    ),
    schema as (
        select
            pg_namespace.oid as id,
            pg_namespace.nspname as name
        from pg_namespace
        where nspname != 'information_schema' and nspname not like 'pg\_%'
    ),
    referenced as (
        select
            relation.id AS id,
            referenced_class.name ,
            referenced_class.schema ,
            referenced_class.kind
        from relation
        join class as referenced_class on relation.class=referenced_class.id
        where referenced_class.kind in ('r', 'v', 'm')
    ),
    relationships as (
        select
            referenced.name as referenced_name,
            referenced.schema as referenced_schema_id,
            dependent_class.name as dependent_name,
            dependent_class.schema as dependent_schema_id,
            referenced.kind as kind
        from referenced
        join dependency on referenced.id=dependency.id
        join class as dependent_class on dependency.ref=dependent_class.id
        where
            (referenced.name != dependent_class.name or
             referenced.schema != dependent_class.schema)
    )

    select
        referenced_schema.name as referenced_schema,
        relationships.referenced_name as referenced_name,
        dependent_schema.name as dependent_schema,
        relationships.dependent_name as dependent_name
    from relationships
    join schema as dependent_schema on relationships.dependent_schema_id=dependent_schema.id
    join schema as referenced_schema on relationships.referenced_schema_id=referenced_schema.id
    group by referenced_schema, referenced_name, dependent_schema, dependent_name
    order by referenced_schema, referenced_name, dependent_schema, dependent_name;
[0m09:17:15.113598 [debug] [MainThread]: SQL status: SELECT 1 in 0.003 seconds
[0m09:17:15.114597 [debug] [MainThread]: Sending event: {'category': 'dbt', 'action': 'runnable_timing', 'label': '53767ee6-40e0-478d-9089-8019f8ad854f', 'context': [<snowplow_tracker.self_describing_json.SelfDescribingJson object at 0x00000246CB4480D0>]}
[0m09:17:15.114597 [debug] [MainThread]: On master: ROLLBACK
[0m09:17:15.115598 [debug] [MainThread]: Using postgres connection "master"
[0m09:17:15.115598 [debug] [MainThread]: On master: BEGIN
[0m09:17:15.116597 [debug] [MainThread]: SQL status: BEGIN in 0.000 seconds
[0m09:17:15.116597 [debug] [MainThread]: On master: COMMIT
[0m09:17:15.116597 [debug] [MainThread]: Using postgres connection "master"
[0m09:17:15.117597 [debug] [MainThread]: On master: COMMIT
[0m09:17:15.118015 [debug] [MainThread]: SQL status: COMMIT in 0.000 seconds
[0m09:17:15.118015 [debug] [MainThread]: On master: Close
[0m09:17:15.121259 [debug] [Thread-1 (]: Began running node model.my_dbt_project.my_first_dbt_model
[0m09:17:15.121259 [info ] [Thread-1 (]: 1 of 2 START sql table model public.my_first_dbt_model ......................... [RUN]
[0m09:17:15.122182 [debug] [Thread-1 (]: Acquiring new postgres connection 'model.my_dbt_project.my_first_dbt_model'
[0m09:17:15.122182 [debug] [Thread-1 (]: Began compiling node model.my_dbt_project.my_first_dbt_model
[0m09:17:15.127192 [debug] [Thread-1 (]: Writing injected SQL for node "model.my_dbt_project.my_first_dbt_model"
[0m09:17:15.127192 [debug] [Thread-1 (]: Began executing node model.my_dbt_project.my_first_dbt_model
[0m09:17:15.149902 [debug] [Thread-1 (]: Writing runtime sql for node "model.my_dbt_project.my_first_dbt_model"
[0m09:17:15.150912 [debug] [Thread-1 (]: Using postgres connection "model.my_dbt_project.my_first_dbt_model"
[0m09:17:15.150912 [debug] [Thread-1 (]: On model.my_dbt_project.my_first_dbt_model: BEGIN
[0m09:17:15.150912 [debug] [Thread-1 (]: Opening a new connection, currently in state init
[0m09:17:15.184173 [debug] [Thread-1 (]: SQL status: BEGIN in 0.033 seconds
[0m09:17:15.185179 [debug] [Thread-1 (]: Using postgres connection "model.my_dbt_project.my_first_dbt_model"
[0m09:17:15.185179 [debug] [Thread-1 (]: On model.my_dbt_project.my_first_dbt_model: /* {"app": "dbt", "dbt_version": "1.10.5", "profile_name": "my_dbt_project", "target_name": "dev", "node_id": "model.my_dbt_project.my_first_dbt_model"} */

  
    

  create  table "mypostgresdb"."public"."my_first_dbt_model__dbt_tmp"
  
  
    as
  
  (
    /*
    Welcome to your first dbt model!
    Did you know that you can also configure models directly within SQL files?
    This will override configurations stated in dbt_project.yml

    Try changing "table" to "view" below
*/



with source_data as (

    select 1 as id, 'Raj' as name, 'India' as country
    union all
    select 2 as id, 'Chris' as name, 'India' as country

)

select *
from source_data

/*
    Uncomment the line below to remove records with null `id` values
*/

-- where id is not null
  );
  
[0m09:17:15.188178 [debug] [Thread-1 (]: SQL status: SELECT 2 in 0.003 seconds
[0m09:17:15.195179 [debug] [Thread-1 (]: Using postgres connection "model.my_dbt_project.my_first_dbt_model"
[0m09:17:15.195179 [debug] [Thread-1 (]: On model.my_dbt_project.my_first_dbt_model: /* {"app": "dbt", "dbt_version": "1.10.5", "profile_name": "my_dbt_project", "target_name": "dev", "node_id": "model.my_dbt_project.my_first_dbt_model"} */
alter table "mypostgresdb"."public"."my_first_dbt_model" rename to "my_first_dbt_model__dbt_backup"
[0m09:17:15.196178 [debug] [Thread-1 (]: SQL status: ALTER TABLE in 0.000 seconds
[0m09:17:15.198179 [debug] [Thread-1 (]: Using postgres connection "model.my_dbt_project.my_first_dbt_model"
[0m09:17:15.198179 [debug] [Thread-1 (]: On model.my_dbt_project.my_first_dbt_model: /* {"app": "dbt", "dbt_version": "1.10.5", "profile_name": "my_dbt_project", "target_name": "dev", "node_id": "model.my_dbt_project.my_first_dbt_model"} */
alter table "mypostgresdb"."public"."my_first_dbt_model__dbt_tmp" rename to "my_first_dbt_model"
[0m09:17:15.198179 [debug] [Thread-1 (]: SQL status: ALTER TABLE in 0.000 seconds
[0m09:17:15.208180 [debug] [Thread-1 (]: On model.my_dbt_project.my_first_dbt_model: COMMIT
[0m09:17:15.209179 [debug] [Thread-1 (]: Using postgres connection "model.my_dbt_project.my_first_dbt_model"
[0m09:17:15.209179 [debug] [Thread-1 (]: On model.my_dbt_project.my_first_dbt_model: COMMIT
[0m09:17:15.210380 [debug] [Thread-1 (]: SQL status: COMMIT in 0.001 seconds
[0m09:17:15.213492 [debug] [Thread-1 (]: Applying DROP to: "mypostgresdb"."public"."my_first_dbt_model__dbt_backup"
[0m09:17:15.217465 [debug] [Thread-1 (]: Using postgres connection "model.my_dbt_project.my_first_dbt_model"
[0m09:17:15.217465 [debug] [Thread-1 (]: On model.my_dbt_project.my_first_dbt_model: /* {"app": "dbt", "dbt_version": "1.10.5", "profile_name": "my_dbt_project", "target_name": "dev", "node_id": "model.my_dbt_project.my_first_dbt_model"} */
drop table if exists "mypostgresdb"."public"."my_first_dbt_model__dbt_backup" cascade
[0m09:17:15.220388 [debug] [Thread-1 (]: SQL status: DROP TABLE in 0.003 seconds
[0m09:17:15.222451 [debug] [Thread-1 (]: On model.my_dbt_project.my_first_dbt_model: Close
[0m09:17:15.223394 [debug] [Thread-1 (]: Sending event: {'category': 'dbt', 'action': 'run_model', 'label': '53767ee6-40e0-478d-9089-8019f8ad854f', 'context': [<snowplow_tracker.self_describing_json.SelfDescribingJson object at 0x00000246CB75C750>]}
[0m09:17:15.224392 [info ] [Thread-1 (]: 1 of 2 OK created sql table model public.my_first_dbt_model .................... [[32mSELECT 2[0m in 0.10s]
[0m09:17:15.224392 [debug] [Thread-1 (]: Finished running node model.my_dbt_project.my_first_dbt_model
[0m09:17:15.225469 [debug] [Thread-1 (]: Began running node model.my_dbt_project.my_second_dbt_model
[0m09:17:15.226474 [info ] [Thread-1 (]: 2 of 2 START sql table model public.my_second_dbt_model ........................ [RUN]
[0m09:17:15.226795 [debug] [Thread-1 (]: Re-using an available connection from the pool (formerly model.my_dbt_project.my_first_dbt_model, now model.my_dbt_project.my_second_dbt_model)
[0m09:17:15.226795 [debug] [Thread-1 (]: Began compiling node model.my_dbt_project.my_second_dbt_model
[0m09:17:15.229823 [debug] [Thread-1 (]: Writing injected SQL for node "model.my_dbt_project.my_second_dbt_model"
[0m09:17:15.230823 [debug] [Thread-1 (]: Began executing node model.my_dbt_project.my_second_dbt_model
[0m09:17:15.272418 [debug] [Thread-1 (]: Writing runtime sql for node "model.my_dbt_project.my_second_dbt_model"
[0m09:17:15.272418 [debug] [Thread-1 (]: Using postgres connection "model.my_dbt_project.my_second_dbt_model"
[0m09:17:15.273394 [debug] [Thread-1 (]: On model.my_dbt_project.my_second_dbt_model: BEGIN
[0m09:17:15.273394 [debug] [Thread-1 (]: Opening a new connection, currently in state closed
[0m09:17:15.304913 [debug] [Thread-1 (]: SQL status: BEGIN in 0.031 seconds
[0m09:17:15.304913 [debug] [Thread-1 (]: Using postgres connection "model.my_dbt_project.my_second_dbt_model"
[0m09:17:15.305957 [debug] [Thread-1 (]: On model.my_dbt_project.my_second_dbt_model: /* {"app": "dbt", "dbt_version": "1.10.5", "profile_name": "my_dbt_project", "target_name": "dev", "node_id": "model.my_dbt_project.my_second_dbt_model"} */

  
    

  create  table "mypostgresdb"."public"."my_second_dbt_model__dbt_tmp"
  
  
    as
  
  (
    

-- Use the `ref` function to select from other models

select *
from "mypostgresdb"."public"."my_first_dbt_model"
where id = 1
  );
  
[0m09:17:15.308429 [debug] [Thread-1 (]: SQL status: SELECT 1 in 0.002 seconds
[0m09:17:15.310436 [debug] [Thread-1 (]: Using postgres connection "model.my_dbt_project.my_second_dbt_model"
[0m09:17:15.310436 [debug] [Thread-1 (]: On model.my_dbt_project.my_second_dbt_model: /* {"app": "dbt", "dbt_version": "1.10.5", "profile_name": "my_dbt_project", "target_name": "dev", "node_id": "model.my_dbt_project.my_second_dbt_model"} */
alter table "mypostgresdb"."public"."my_second_dbt_model__dbt_tmp" rename to "my_second_dbt_model"
[0m09:17:15.311438 [debug] [Thread-1 (]: SQL status: ALTER TABLE in 0.000 seconds
[0m09:17:15.312436 [debug] [Thread-1 (]: On model.my_dbt_project.my_second_dbt_model: COMMIT
[0m09:17:15.312436 [debug] [Thread-1 (]: Using postgres connection "model.my_dbt_project.my_second_dbt_model"
[0m09:17:15.312436 [debug] [Thread-1 (]: On model.my_dbt_project.my_second_dbt_model: COMMIT
[0m09:17:15.314021 [debug] [Thread-1 (]: SQL status: COMMIT in 0.001 seconds
[0m09:17:15.315112 [debug] [Thread-1 (]: Applying DROP to: "mypostgresdb"."public"."my_second_dbt_model__dbt_backup"
[0m09:17:15.316032 [debug] [Thread-1 (]: Using postgres connection "model.my_dbt_project.my_second_dbt_model"
[0m09:17:15.316032 [debug] [Thread-1 (]: On model.my_dbt_project.my_second_dbt_model: /* {"app": "dbt", "dbt_version": "1.10.5", "profile_name": "my_dbt_project", "target_name": "dev", "node_id": "model.my_dbt_project.my_second_dbt_model"} */
drop table if exists "mypostgresdb"."public"."my_second_dbt_model__dbt_backup" cascade
[0m09:17:15.317028 [debug] [Thread-1 (]: SQL status: DROP TABLE in 0.000 seconds
[0m09:17:15.318123 [debug] [Thread-1 (]: On model.my_dbt_project.my_second_dbt_model: Close
[0m09:17:15.318123 [debug] [Thread-1 (]: Sending event: {'category': 'dbt', 'action': 'run_model', 'label': '53767ee6-40e0-478d-9089-8019f8ad854f', 'context': [<snowplow_tracker.self_describing_json.SelfDescribingJson object at 0x00000246CB8425D0>]}
[0m09:17:15.319028 [info ] [Thread-1 (]: 2 of 2 OK created sql table model public.my_second_dbt_model ................... [[32mSELECT 1[0m in 0.09s]
[0m09:17:15.320033 [debug] [Thread-1 (]: Finished running node model.my_dbt_project.my_second_dbt_model
[0m09:17:15.321037 [debug] [MainThread]: Using postgres connection "master"
[0m09:17:15.321037 [debug] [MainThread]: On master: BEGIN
[0m09:17:15.321037 [debug] [MainThread]: Opening a new connection, currently in state closed
[0m09:17:15.470848 [debug] [MainThread]: SQL status: BEGIN in 0.150 seconds
[0m09:17:15.471909 [debug] [MainThread]: On master: COMMIT
[0m09:17:15.471909 [debug] [MainThread]: Using postgres connection "master"
[0m09:17:15.471909 [debug] [MainThread]: On master: COMMIT
[0m09:17:15.472856 [debug] [MainThread]: SQL status: COMMIT in 0.000 seconds
[0m09:17:15.472856 [debug] [MainThread]: On master: Close
[0m09:17:15.473855 [debug] [MainThread]: Connection 'master' was properly closed.
[0m09:17:15.473855 [debug] [MainThread]: Connection 'list_mypostgresdb' was properly closed.
[0m09:17:15.474856 [debug] [MainThread]: Connection 'list_mypostgresdb_public' was properly closed.
[0m09:17:15.474856 [debug] [MainThread]: Connection 'model.my_dbt_project.my_second_dbt_model' was properly closed.
[0m09:17:15.474856 [info ] [MainThread]: 
[0m09:17:15.475855 [info ] [MainThread]: Finished running 2 table models in 0 hours 0 minutes and 0.65 seconds (0.65s).
[0m09:17:15.475855 [debug] [MainThread]: Command end result
[0m09:17:15.487853 [debug] [MainThread]: Wrote artifact WritableManifest to D:\my_dbt_project\target\manifest.json
[0m09:17:15.489855 [debug] [MainThread]: Wrote artifact SemanticManifest to D:\my_dbt_project\target\semantic_manifest.json
[0m09:17:15.492855 [debug] [MainThread]: Wrote artifact RunExecutionResult to D:\my_dbt_project\target\run_results.json
[0m09:17:15.493856 [info ] [MainThread]: 
[0m09:17:15.494153 [info ] [MainThread]: [32mCompleted successfully[0m
[0m09:17:15.494979 [info ] [MainThread]: 
[0m09:17:15.495308 [info ] [MainThread]: Done. PASS=2 WARN=0 ERROR=0 SKIP=0 NO-OP=0 TOTAL=2
[0m09:17:15.496331 [debug] [MainThread]: Command `dbt run` succeeded at 09:17:15.496331 after 1.20 seconds
[0m09:17:15.496331 [debug] [MainThread]: Sending event: {'category': 'dbt', 'action': 'invocation', 'label': 'end', 'context': [<snowplow_tracker.self_describing_json.SelfDescribingJson object at 0x00000246C4EA1210>, <snowplow_tracker.self_describing_json.SelfDescribingJson object at 0x00000246C4E28450>, <snowplow_tracker.self_describing_json.SelfDescribingJson object at 0x00000246C4E284D0>]}
[0m09:17:15.496331 [debug] [MainThread]: Flushing usage events
[0m09:17:16.471153 [debug] [MainThread]: An error was encountered while trying to flush usage events
[0m10:34:54.209036 [debug] [MainThread]: Sending event: {'category': 'dbt', 'action': 'invocation', 'label': 'start', 'context': [<snowplow_tracker.self_describing_json.SelfDescribingJson object at 0x0000022CDE353490>, <snowplow_tracker.self_describing_json.SelfDescribingJson object at 0x0000022CDE353190>, <snowplow_tracker.self_describing_json.SelfDescribingJson object at 0x0000022CDE353150>]}


============================== 10:34:54.211148 | 8d7b98d8-9949-44e0-8bc9-e26e65ad462b ==============================
[0m10:34:54.211148 [info ] [MainThread]: Running with dbt=1.10.5
[0m10:34:54.212168 [debug] [MainThread]: running dbt with arguments {'printer_width': '80', 'indirect_selection': 'eager', 'write_json': 'True', 'log_cache_events': 'False', 'partial_parse': 'True', 'cache_selected_only': 'False', 'warn_error': 'None', 'debug': 'False', 'fail_fast': 'False', 'log_path': 'D:\\my_dbt_project\\logs', 'profiles_dir': 'C:\\Users\\hp sys\\.dbt', 'version_check': 'True', 'use_colors': 'True', 'use_experimental_parser': 'False', 'empty': 'None', 'quiet': 'False', 'no_print': 'None', 'log_format': 'default', 'static_parser': 'True', 'introspect': 'True', 'warn_error_options': 'WarnErrorOptionsV2(error=[], warn=[], silence=[])', 'target_path': 'None', 'invocation_command': 'dbt seed', 'send_anonymous_usage_stats': 'True'}
[0m10:34:54.339176 [debug] [MainThread]: Sending event: {'category': 'dbt', 'action': 'project_id', 'label': '8d7b98d8-9949-44e0-8bc9-e26e65ad462b', 'context': [<snowplow_tracker.self_describing_json.SelfDescribingJson object at 0x0000022CDE768210>]}
[0m10:34:54.379592 [debug] [MainThread]: Sending event: {'category': 'dbt', 'action': 'adapter_info', 'label': '8d7b98d8-9949-44e0-8bc9-e26e65ad462b', 'context': [<snowplow_tracker.self_describing_json.SelfDescribingJson object at 0x0000022CD9DE04D0>]}
[0m10:34:54.380593 [info ] [MainThread]: Registered adapter: postgres=1.9.0
[0m10:34:54.529124 [debug] [MainThread]: checksum: fa4c2685620973c5adba0a491aa9c06e8cf48c9113a5280b45b6efa706ae8f4b, vars: {}, profile: , target: , version: 1.10.5
[0m10:34:54.608205 [debug] [MainThread]: Partial parsing enabled: 0 files deleted, 1 files added, 0 files changed.
[0m10:34:54.608205 [debug] [MainThread]: Partial parsing: added file: my_dbt_project://seeds\holdings_clean.csv
[0m10:34:54.753907 [debug] [MainThread]: Sending event: {'category': 'dbt', 'action': 'load_project', 'label': '8d7b98d8-9949-44e0-8bc9-e26e65ad462b', 'context': [<snowplow_tracker.self_describing_json.SelfDescribingJson object at 0x0000022CDE3B6BD0>]}
[0m10:34:54.808395 [debug] [MainThread]: Wrote artifact WritableManifest to D:\my_dbt_project\target\manifest.json
[0m10:34:54.810395 [debug] [MainThread]: Wrote artifact SemanticManifest to D:\my_dbt_project\target\semantic_manifest.json
[0m10:34:54.822863 [debug] [MainThread]: Sending event: {'category': 'dbt', 'action': 'resource_counts', 'label': '8d7b98d8-9949-44e0-8bc9-e26e65ad462b', 'context': [<snowplow_tracker.self_describing_json.SelfDescribingJson object at 0x0000022CDF093550>]}
[0m10:34:54.823753 [info ] [MainThread]: Found 2 models, 4 data tests, 1 seed, 434 macros
[0m10:34:54.824751 [debug] [MainThread]: Sending event: {'category': 'dbt', 'action': 'runnable_timing', 'label': '8d7b98d8-9949-44e0-8bc9-e26e65ad462b', 'context': [<snowplow_tracker.self_describing_json.SelfDescribingJson object at 0x0000022CDEFDCAD0>]}
[0m10:34:54.825797 [info ] [MainThread]: 
[0m10:34:54.825797 [info ] [MainThread]: Concurrency: 1 threads (target='dev')
[0m10:34:54.825797 [info ] [MainThread]: 
[0m10:34:54.826777 [debug] [MainThread]: Acquiring new postgres connection 'master'
[0m10:34:54.827710 [debug] [ThreadPool]: Acquiring new postgres connection 'list_mypostgresdb'
[0m10:34:54.911298 [debug] [ThreadPool]: Using postgres connection "list_mypostgresdb"
[0m10:34:54.912284 [debug] [ThreadPool]: On list_mypostgresdb: /* {"app": "dbt", "dbt_version": "1.10.5", "profile_name": "my_dbt_project", "target_name": "dev", "connection_name": "list_mypostgresdb"} */

    select distinct nspname from pg_namespace
  
[0m10:34:54.912284 [debug] [ThreadPool]: Opening a new connection, currently in state init
[0m10:34:54.958065 [debug] [ThreadPool]: SQL status: SELECT 4 in 0.046 seconds
[0m10:34:54.960065 [debug] [ThreadPool]: On list_mypostgresdb: Close
[0m10:34:54.963065 [debug] [ThreadPool]: Acquiring new postgres connection 'list_mypostgresdb_public'
[0m10:34:54.967162 [debug] [ThreadPool]: Using postgres connection "list_mypostgresdb_public"
[0m10:34:54.967162 [debug] [ThreadPool]: On list_mypostgresdb_public: BEGIN
[0m10:34:54.967162 [debug] [ThreadPool]: Opening a new connection, currently in state init
[0m10:34:54.999609 [debug] [ThreadPool]: SQL status: BEGIN in 0.032 seconds
[0m10:34:54.999609 [debug] [ThreadPool]: Using postgres connection "list_mypostgresdb_public"
[0m10:34:55.000625 [debug] [ThreadPool]: On list_mypostgresdb_public: /* {"app": "dbt", "dbt_version": "1.10.5", "profile_name": "my_dbt_project", "target_name": "dev", "connection_name": "list_mypostgresdb_public"} */
select
      'mypostgresdb' as database,
      tablename as name,
      schemaname as schema,
      'table' as type
    from pg_tables
    where schemaname ilike 'public'
    union all
    select
      'mypostgresdb' as database,
      viewname as name,
      schemaname as schema,
      'view' as type
    from pg_views
    where schemaname ilike 'public'
    union all
    select
      'mypostgresdb' as database,
      matviewname as name,
      schemaname as schema,
      'materialized_view' as type
    from pg_matviews
    where schemaname ilike 'public'
  
[0m10:34:55.003231 [debug] [ThreadPool]: SQL status: SELECT 3 in 0.003 seconds
[0m10:34:55.004168 [debug] [ThreadPool]: On list_mypostgresdb_public: ROLLBACK
[0m10:34:55.004168 [debug] [ThreadPool]: On list_mypostgresdb_public: Close
[0m10:34:55.008241 [debug] [MainThread]: Using postgres connection "master"
[0m10:34:55.008241 [debug] [MainThread]: On master: BEGIN
[0m10:34:55.009221 [debug] [MainThread]: Opening a new connection, currently in state init
[0m10:34:55.039121 [debug] [MainThread]: SQL status: BEGIN in 0.031 seconds
[0m10:34:55.040120 [debug] [MainThread]: Using postgres connection "master"
[0m10:34:55.040120 [debug] [MainThread]: On master: /* {"app": "dbt", "dbt_version": "1.10.5", "profile_name": "my_dbt_project", "target_name": "dev", "connection_name": "master"} */
with relation as (
        select
            pg_rewrite.ev_class as class,
            pg_rewrite.oid as id
        from pg_rewrite
    ),
    class as (
        select
            oid as id,
            relname as name,
            relnamespace as schema,
            relkind as kind
        from pg_class
    ),
    dependency as (
        select distinct
            pg_depend.objid as id,
            pg_depend.refobjid as ref
        from pg_depend
    ),
    schema as (
        select
            pg_namespace.oid as id,
            pg_namespace.nspname as name
        from pg_namespace
        where nspname != 'information_schema' and nspname not like 'pg\_%'
    ),
    referenced as (
        select
            relation.id AS id,
            referenced_class.name ,
            referenced_class.schema ,
            referenced_class.kind
        from relation
        join class as referenced_class on relation.class=referenced_class.id
        where referenced_class.kind in ('r', 'v', 'm')
    ),
    relationships as (
        select
            referenced.name as referenced_name,
            referenced.schema as referenced_schema_id,
            dependent_class.name as dependent_name,
            dependent_class.schema as dependent_schema_id,
            referenced.kind as kind
        from referenced
        join dependency on referenced.id=dependency.id
        join class as dependent_class on dependency.ref=dependent_class.id
        where
            (referenced.name != dependent_class.name or
             referenced.schema != dependent_class.schema)
    )

    select
        referenced_schema.name as referenced_schema,
        relationships.referenced_name as referenced_name,
        dependent_schema.name as dependent_schema,
        relationships.dependent_name as dependent_name
    from relationships
    join schema as dependent_schema on relationships.dependent_schema_id=dependent_schema.id
    join schema as referenced_schema on relationships.referenced_schema_id=referenced_schema.id
    group by referenced_schema, referenced_name, dependent_schema, dependent_name
    order by referenced_schema, referenced_name, dependent_schema, dependent_name;
[0m10:34:55.043144 [debug] [MainThread]: SQL status: SELECT 0 in 0.002 seconds
[0m10:34:55.043144 [debug] [MainThread]: Sending event: {'category': 'dbt', 'action': 'runnable_timing', 'label': '8d7b98d8-9949-44e0-8bc9-e26e65ad462b', 'context': [<snowplow_tracker.self_describing_json.SelfDescribingJson object at 0x0000022CDE7E6FD0>]}
[0m10:34:55.044214 [debug] [MainThread]: On master: ROLLBACK
[0m10:34:55.044214 [debug] [MainThread]: Using postgres connection "master"
[0m10:34:55.044214 [debug] [MainThread]: On master: BEGIN
[0m10:34:55.045122 [debug] [MainThread]: SQL status: BEGIN in 0.000 seconds
[0m10:34:55.045122 [debug] [MainThread]: On master: COMMIT
[0m10:34:55.045122 [debug] [MainThread]: Using postgres connection "master"
[0m10:34:55.046149 [debug] [MainThread]: On master: COMMIT
[0m10:34:55.046149 [debug] [MainThread]: SQL status: COMMIT in 0.000 seconds
[0m10:34:55.046149 [debug] [MainThread]: On master: Close
[0m10:34:55.049122 [debug] [Thread-1 (]: Began running node seed.my_dbt_project.holdings_clean
[0m10:34:55.050123 [info ] [Thread-1 (]: 1 of 1 START seed file public.holdings_clean ................................... [RUN]
[0m10:34:55.050123 [debug] [Thread-1 (]: Acquiring new postgres connection 'seed.my_dbt_project.holdings_clean'
[0m10:34:55.050123 [debug] [Thread-1 (]: Began compiling node seed.my_dbt_project.holdings_clean
[0m10:34:55.051192 [debug] [Thread-1 (]: Began executing node seed.my_dbt_project.holdings_clean
[0m10:34:55.071378 [debug] [Thread-1 (]: Using postgres connection "seed.my_dbt_project.holdings_clean"
[0m10:34:55.071378 [debug] [Thread-1 (]: On seed.my_dbt_project.holdings_clean: BEGIN
[0m10:34:55.072342 [debug] [Thread-1 (]: Opening a new connection, currently in state init
[0m10:34:55.105750 [debug] [Thread-1 (]: SQL status: BEGIN in 0.034 seconds
[0m10:34:55.105750 [debug] [Thread-1 (]: Using postgres connection "seed.my_dbt_project.holdings_clean"
[0m10:34:55.106745 [debug] [Thread-1 (]: On seed.my_dbt_project.holdings_clean: /* {"app": "dbt", "dbt_version": "1.10.5", "profile_name": "my_dbt_project", "target_name": "dev", "node_id": "seed.my_dbt_project.holdings_clean"} */

    create table "mypostgresdb"."public"."holdings_clean" ("Instrument" text,"Qty." integer,"Avg. cost" float8,"LTP" float8,"Invested" float8,"Cur. val" float8,"P&L" float8,"Net chg." float8,"Day chg." float8,"j" integer)
  
[0m10:34:55.109770 [debug] [Thread-1 (]: SQL status: CREATE TABLE in 0.003 seconds
[0m10:34:55.141814 [debug] [Thread-1 (]: Using postgres connection "seed.my_dbt_project.holdings_clean"
[0m10:34:55.141814 [debug] [Thread-1 (]: On seed.my_dbt_project.holdings_clean: 
          insert into "mypostgresdb"."public"."holdings_clean" ("Instrument", "Qty.", "Avg. cost", "LTP", "Invested", "Cur. val", "P&L", "Net chg.", "Day chg.", "j") values
          (%s,%s,%s,%s,%s,%s,%s,%s,%s,%s),(%s,%s,%s,%s,%s,%s,%s,%s,%s,%s),(%s,%s,%s,%s,%s,%s,%s,%s,%s,%s),(%s,%s,%s,%s,%s,%s,%s,%s,%s,%s),(%s,%s,%s,%s,%s,%s,%s,%s,%s,%s),(%s,%s,%s,%s,%s,%s,%s,%s,%s,%s),(%s,%s,%s,%s,%s,%s,%s,%s,%s,%s),(%s,%s,%s,%s,%s,%s,%s,%s,%s,%s),(%s,%s,%s,%s,%s,%s,%s,%s,%s,%s),(%s,%s,%s,%s,%s,%s,%s,%s,%s,%s),(%s,%s,%...
[0m10:34:55.144574 [debug] [Thread-1 (]: SQL status: INSERT 0 26 in 0.002 seconds
[0m10:34:55.148595 [debug] [Thread-1 (]: Writing runtime SQL for node "seed.my_dbt_project.holdings_clean"
[0m10:34:55.159594 [debug] [Thread-1 (]: On seed.my_dbt_project.holdings_clean: COMMIT
[0m10:34:55.159594 [debug] [Thread-1 (]: Using postgres connection "seed.my_dbt_project.holdings_clean"
[0m10:34:55.159594 [debug] [Thread-1 (]: On seed.my_dbt_project.holdings_clean: COMMIT
[0m10:34:55.160577 [debug] [Thread-1 (]: SQL status: COMMIT in 0.000 seconds
[0m10:34:55.162580 [debug] [Thread-1 (]: On seed.my_dbt_project.holdings_clean: Close
[0m10:34:55.163581 [debug] [Thread-1 (]: Sending event: {'category': 'dbt', 'action': 'run_model', 'label': '8d7b98d8-9949-44e0-8bc9-e26e65ad462b', 'context': [<snowplow_tracker.self_describing_json.SelfDescribingJson object at 0x0000022CDF4039D0>]}
[0m10:34:55.164579 [info ] [Thread-1 (]: 1 of 1 OK loaded seed file public.holdings_clean ............................... [[32mINSERT 26[0m in 0.11s]
[0m10:34:55.164579 [debug] [Thread-1 (]: Finished running node seed.my_dbt_project.holdings_clean
[0m10:34:55.166582 [debug] [MainThread]: Using postgres connection "master"
[0m10:34:55.166582 [debug] [MainThread]: On master: BEGIN
[0m10:34:55.166582 [debug] [MainThread]: Opening a new connection, currently in state closed
[0m10:34:55.201395 [debug] [MainThread]: SQL status: BEGIN in 0.035 seconds
[0m10:34:55.202458 [debug] [MainThread]: On master: COMMIT
[0m10:34:55.202458 [debug] [MainThread]: Using postgres connection "master"
[0m10:34:55.202458 [debug] [MainThread]: On master: COMMIT
[0m10:34:55.203487 [debug] [MainThread]: SQL status: COMMIT in 0.000 seconds
[0m10:34:55.203487 [debug] [MainThread]: On master: Close
[0m10:34:55.203487 [debug] [MainThread]: Connection 'master' was properly closed.
[0m10:34:55.204501 [debug] [MainThread]: Connection 'list_mypostgresdb' was properly closed.
[0m10:34:55.204501 [debug] [MainThread]: Connection 'list_mypostgresdb_public' was properly closed.
[0m10:34:55.204501 [debug] [MainThread]: Connection 'seed.my_dbt_project.holdings_clean' was properly closed.
[0m10:34:55.205507 [info ] [MainThread]: 
[0m10:34:55.205507 [info ] [MainThread]: Finished running 1 seed in 0 hours 0 minutes and 0.38 seconds (0.38s).
[0m10:34:55.206501 [debug] [MainThread]: Command end result
[0m10:34:55.218549 [debug] [MainThread]: Wrote artifact WritableManifest to D:\my_dbt_project\target\manifest.json
[0m10:34:55.219565 [debug] [MainThread]: Wrote artifact SemanticManifest to D:\my_dbt_project\target\semantic_manifest.json
[0m10:34:55.223551 [debug] [MainThread]: Wrote artifact RunExecutionResult to D:\my_dbt_project\target\run_results.json
[0m10:34:55.224580 [info ] [MainThread]: 
[0m10:34:55.224580 [info ] [MainThread]: [32mCompleted successfully[0m
[0m10:34:55.225560 [info ] [MainThread]: 
[0m10:34:55.226551 [info ] [MainThread]: Done. PASS=1 WARN=0 ERROR=0 SKIP=0 NO-OP=0 TOTAL=1
[0m10:34:55.226551 [debug] [MainThread]: Command `dbt seed` succeeded at 10:34:55.226551 after 1.08 seconds
[0m10:34:55.227593 [debug] [MainThread]: Sending event: {'category': 'dbt', 'action': 'invocation', 'label': 'end', 'context': [<snowplow_tracker.self_describing_json.SelfDescribingJson object at 0x0000022CDCBF68D0>, <snowplow_tracker.self_describing_json.SelfDescribingJson object at 0x0000022CD8AA1210>, <snowplow_tracker.self_describing_json.SelfDescribingJson object at 0x0000022CD8AA12D0>]}
[0m10:34:55.227593 [debug] [MainThread]: Flushing usage events
[0m10:34:56.259512 [debug] [MainThread]: An error was encountered while trying to flush usage events
[0m14:18:58.375367 [debug] [MainThread]: Sending event: {'category': 'dbt', 'action': 'invocation', 'label': 'start', 'context': [<snowplow_tracker.self_describing_json.SelfDescribingJson object at 0x00000255EF152FD0>, <snowplow_tracker.self_describing_json.SelfDescribingJson object at 0x00000255EF178C90>, <snowplow_tracker.self_describing_json.SelfDescribingJson object at 0x00000255EF178F90>]}


============================== 14:18:58.378312 | d6282026-3d73-49b9-963a-cf4f2b9d97a7 ==============================
[0m14:18:58.378312 [info ] [MainThread]: Running with dbt=1.10.5
[0m14:18:58.379320 [debug] [MainThread]: running dbt with arguments {'printer_width': '80', 'indirect_selection': 'eager', 'log_cache_events': 'False', 'write_json': 'True', 'partial_parse': 'True', 'cache_selected_only': 'False', 'warn_error': 'None', 'fail_fast': 'False', 'profiles_dir': 'C:\\Users\\hp sys\\.dbt', 'log_path': 'D:\\my_dbt_project\\logs', 'version_check': 'True', 'debug': 'False', 'use_colors': 'True', 'use_experimental_parser': 'False', 'empty': 'False', 'quiet': 'False', 'no_print': 'None', 'warn_error_options': 'WarnErrorOptionsV2(error=[], warn=[], silence=[])', 'introspect': 'True', 'log_format': 'default', 'invocation_command': 'dbt compile', 'target_path': 'None', 'static_parser': 'True', 'send_anonymous_usage_stats': 'True'}
[0m14:18:58.510887 [debug] [MainThread]: Sending event: {'category': 'dbt', 'action': 'project_id', 'label': 'd6282026-3d73-49b9-963a-cf4f2b9d97a7', 'context': [<snowplow_tracker.self_describing_json.SelfDescribingJson object at 0x00000255EF5C7690>]}
[0m14:18:58.550361 [debug] [MainThread]: Sending event: {'category': 'dbt', 'action': 'adapter_info', 'label': 'd6282026-3d73-49b9-963a-cf4f2b9d97a7', 'context': [<snowplow_tracker.self_describing_json.SelfDescribingJson object at 0x00000255EACD0190>]}
[0m14:18:58.551360 [info ] [MainThread]: Registered adapter: postgres=1.9.0
[0m14:18:58.706433 [debug] [MainThread]: checksum: fa4c2685620973c5adba0a491aa9c06e8cf48c9113a5280b45b6efa706ae8f4b, vars: {}, profile: , target: , version: 1.10.5
[0m14:18:58.802484 [debug] [MainThread]: Partial parsing enabled: 0 files deleted, 1 files added, 0 files changed.
[0m14:18:58.803484 [debug] [MainThread]: Partial parsing: added file: my_dbt_project://models\example\share_holdings_01.sql
[0m14:18:58.974296 [debug] [MainThread]: Sending event: {'category': 'dbt', 'action': 'load_project', 'label': 'd6282026-3d73-49b9-963a-cf4f2b9d97a7', 'context': [<snowplow_tracker.self_describing_json.SelfDescribingJson object at 0x00000255EFE1D310>]}
[0m14:18:59.024036 [debug] [MainThread]: Wrote artifact WritableManifest to D:\my_dbt_project\target\manifest.json
[0m14:18:59.026016 [debug] [MainThread]: Wrote artifact SemanticManifest to D:\my_dbt_project\target\semantic_manifest.json
[0m14:18:59.038015 [debug] [MainThread]: Sending event: {'category': 'dbt', 'action': 'resource_counts', 'label': 'd6282026-3d73-49b9-963a-cf4f2b9d97a7', 'context': [<snowplow_tracker.self_describing_json.SelfDescribingJson object at 0x00000255EFF7CF90>]}
[0m14:18:59.038015 [info ] [MainThread]: Found 3 models, 4 data tests, 1 seed, 434 macros
[0m14:18:59.039014 [debug] [MainThread]: Sending event: {'category': 'dbt', 'action': 'runnable_timing', 'label': 'd6282026-3d73-49b9-963a-cf4f2b9d97a7', 'context': [<snowplow_tracker.self_describing_json.SelfDescribingJson object at 0x00000255EFE0CC10>]}
[0m14:18:59.040016 [info ] [MainThread]: 
[0m14:18:59.041031 [info ] [MainThread]: Concurrency: 1 threads (target='dev')
[0m14:18:59.041031 [info ] [MainThread]: 
[0m14:18:59.042018 [debug] [MainThread]: Acquiring new postgres connection 'master'
[0m14:18:59.045015 [debug] [ThreadPool]: Acquiring new postgres connection 'list_mypostgresdb_public'
[0m14:18:59.127683 [debug] [ThreadPool]: Using postgres connection "list_mypostgresdb_public"
[0m14:18:59.127683 [debug] [ThreadPool]: On list_mypostgresdb_public: BEGIN
[0m14:18:59.128683 [debug] [ThreadPool]: Opening a new connection, currently in state init
[0m14:18:59.169265 [debug] [ThreadPool]: SQL status: BEGIN in 0.041 seconds
[0m14:18:59.169265 [debug] [ThreadPool]: Using postgres connection "list_mypostgresdb_public"
[0m14:18:59.170266 [debug] [ThreadPool]: On list_mypostgresdb_public: /* {"app": "dbt", "dbt_version": "1.10.5", "profile_name": "my_dbt_project", "target_name": "dev", "connection_name": "list_mypostgresdb_public"} */
select
      'mypostgresdb' as database,
      tablename as name,
      schemaname as schema,
      'table' as type
    from pg_tables
    where schemaname ilike 'public'
    union all
    select
      'mypostgresdb' as database,
      viewname as name,
      schemaname as schema,
      'view' as type
    from pg_views
    where schemaname ilike 'public'
    union all
    select
      'mypostgresdb' as database,
      matviewname as name,
      schemaname as schema,
      'materialized_view' as type
    from pg_matviews
    where schemaname ilike 'public'
  
[0m14:18:59.172270 [debug] [ThreadPool]: SQL status: SELECT 4 in 0.002 seconds
[0m14:18:59.173308 [debug] [ThreadPool]: On list_mypostgresdb_public: ROLLBACK
[0m14:18:59.174267 [debug] [ThreadPool]: On list_mypostgresdb_public: Close
[0m14:18:59.179266 [debug] [MainThread]: Using postgres connection "master"
[0m14:18:59.179266 [debug] [MainThread]: On master: BEGIN
[0m14:18:59.179266 [debug] [MainThread]: Opening a new connection, currently in state init
[0m14:18:59.216941 [debug] [MainThread]: SQL status: BEGIN in 0.037 seconds
[0m14:18:59.216941 [debug] [MainThread]: Using postgres connection "master"
[0m14:18:59.216941 [debug] [MainThread]: On master: /* {"app": "dbt", "dbt_version": "1.10.5", "profile_name": "my_dbt_project", "target_name": "dev", "connection_name": "master"} */
with relation as (
        select
            pg_rewrite.ev_class as class,
            pg_rewrite.oid as id
        from pg_rewrite
    ),
    class as (
        select
            oid as id,
            relname as name,
            relnamespace as schema,
            relkind as kind
        from pg_class
    ),
    dependency as (
        select distinct
            pg_depend.objid as id,
            pg_depend.refobjid as ref
        from pg_depend
    ),
    schema as (
        select
            pg_namespace.oid as id,
            pg_namespace.nspname as name
        from pg_namespace
        where nspname != 'information_schema' and nspname not like 'pg\_%'
    ),
    referenced as (
        select
            relation.id AS id,
            referenced_class.name ,
            referenced_class.schema ,
            referenced_class.kind
        from relation
        join class as referenced_class on relation.class=referenced_class.id
        where referenced_class.kind in ('r', 'v', 'm')
    ),
    relationships as (
        select
            referenced.name as referenced_name,
            referenced.schema as referenced_schema_id,
            dependent_class.name as dependent_name,
            dependent_class.schema as dependent_schema_id,
            referenced.kind as kind
        from referenced
        join dependency on referenced.id=dependency.id
        join class as dependent_class on dependency.ref=dependent_class.id
        where
            (referenced.name != dependent_class.name or
             referenced.schema != dependent_class.schema)
    )

    select
        referenced_schema.name as referenced_schema,
        relationships.referenced_name as referenced_name,
        dependent_schema.name as dependent_schema,
        relationships.dependent_name as dependent_name
    from relationships
    join schema as dependent_schema on relationships.dependent_schema_id=dependent_schema.id
    join schema as referenced_schema on relationships.referenced_schema_id=referenced_schema.id
    group by referenced_schema, referenced_name, dependent_schema, dependent_name
    order by referenced_schema, referenced_name, dependent_schema, dependent_name;
[0m14:18:59.221061 [debug] [MainThread]: SQL status: SELECT 0 in 0.003 seconds
[0m14:18:59.221061 [debug] [MainThread]: Sending event: {'category': 'dbt', 'action': 'runnable_timing', 'label': 'd6282026-3d73-49b9-963a-cf4f2b9d97a7', 'context': [<snowplow_tracker.self_describing_json.SelfDescribingJson object at 0x00000255EF994D50>]}
[0m14:18:59.222092 [debug] [MainThread]: On master: ROLLBACK
[0m14:18:59.223062 [debug] [MainThread]: On master: Close
[0m14:18:59.226867 [debug] [Thread-1 (]: Began running node model.my_dbt_project.my_first_dbt_model
[0m14:18:59.226867 [debug] [Thread-1 (]: Acquiring new postgres connection 'model.my_dbt_project.my_first_dbt_model'
[0m14:18:59.226867 [debug] [Thread-1 (]: Began compiling node model.my_dbt_project.my_first_dbt_model
[0m14:18:59.232874 [debug] [Thread-1 (]: Writing injected SQL for node "model.my_dbt_project.my_first_dbt_model"
[0m14:18:59.232874 [debug] [Thread-1 (]: Began executing node model.my_dbt_project.my_first_dbt_model
[0m14:18:59.233873 [debug] [Thread-1 (]: Finished running node model.my_dbt_project.my_first_dbt_model
[0m14:18:59.233873 [debug] [Thread-1 (]: Began running node seed.my_dbt_project.holdings_clean
[0m14:18:59.234869 [debug] [Thread-1 (]: Re-using an available connection from the pool (formerly model.my_dbt_project.my_first_dbt_model, now seed.my_dbt_project.holdings_clean)
[0m14:18:59.234869 [debug] [Thread-1 (]: Began compiling node seed.my_dbt_project.holdings_clean
[0m14:18:59.235974 [debug] [Thread-1 (]: Began executing node seed.my_dbt_project.holdings_clean
[0m14:18:59.236920 [debug] [Thread-1 (]: Finished running node seed.my_dbt_project.holdings_clean
[0m14:18:59.236920 [debug] [Thread-1 (]: Began running node model.my_dbt_project.my_second_dbt_model
[0m14:18:59.237928 [debug] [Thread-1 (]: Re-using an available connection from the pool (formerly seed.my_dbt_project.holdings_clean, now model.my_dbt_project.my_second_dbt_model)
[0m14:18:59.237928 [debug] [Thread-1 (]: Began compiling node model.my_dbt_project.my_second_dbt_model
[0m14:18:59.239967 [debug] [Thread-1 (]: Writing injected SQL for node "model.my_dbt_project.my_second_dbt_model"
[0m14:18:59.241009 [debug] [Thread-1 (]: Began executing node model.my_dbt_project.my_second_dbt_model
[0m14:18:59.241009 [debug] [Thread-1 (]: Finished running node model.my_dbt_project.my_second_dbt_model
[0m14:18:59.241877 [debug] [Thread-1 (]: Began running node test.my_dbt_project.not_null_my_first_dbt_model_id.5fb22c2710
[0m14:18:59.241877 [debug] [Thread-1 (]: Re-using an available connection from the pool (formerly model.my_dbt_project.my_second_dbt_model, now test.my_dbt_project.not_null_my_first_dbt_model_id.5fb22c2710)
[0m14:18:59.242891 [debug] [Thread-1 (]: Began compiling node test.my_dbt_project.not_null_my_first_dbt_model_id.5fb22c2710
[0m14:18:59.249937 [debug] [Thread-1 (]: Writing injected SQL for node "test.my_dbt_project.not_null_my_first_dbt_model_id.5fb22c2710"
[0m14:18:59.250876 [debug] [Thread-1 (]: Began executing node test.my_dbt_project.not_null_my_first_dbt_model_id.5fb22c2710
[0m14:18:59.250876 [debug] [Thread-1 (]: Finished running node test.my_dbt_project.not_null_my_first_dbt_model_id.5fb22c2710
[0m14:18:59.250876 [debug] [Thread-1 (]: Began running node test.my_dbt_project.unique_my_first_dbt_model_id.16e066b321
[0m14:18:59.251923 [debug] [Thread-1 (]: Re-using an available connection from the pool (formerly test.my_dbt_project.not_null_my_first_dbt_model_id.5fb22c2710, now test.my_dbt_project.unique_my_first_dbt_model_id.16e066b321)
[0m14:18:59.251923 [debug] [Thread-1 (]: Began compiling node test.my_dbt_project.unique_my_first_dbt_model_id.16e066b321
[0m14:18:59.255969 [debug] [Thread-1 (]: Writing injected SQL for node "test.my_dbt_project.unique_my_first_dbt_model_id.16e066b321"
[0m14:18:59.257004 [debug] [Thread-1 (]: Began executing node test.my_dbt_project.unique_my_first_dbt_model_id.16e066b321
[0m14:18:59.257004 [debug] [Thread-1 (]: Finished running node test.my_dbt_project.unique_my_first_dbt_model_id.16e066b321
[0m14:18:59.257918 [debug] [Thread-1 (]: Began running node model.my_dbt_project.share_holdings_01
[0m14:18:59.257918 [debug] [Thread-1 (]: Re-using an available connection from the pool (formerly test.my_dbt_project.unique_my_first_dbt_model_id.16e066b321, now model.my_dbt_project.share_holdings_01)
[0m14:18:59.258880 [debug] [Thread-1 (]: Began compiling node model.my_dbt_project.share_holdings_01
[0m14:18:59.259975 [debug] [Thread-1 (]: Writing injected SQL for node "model.my_dbt_project.share_holdings_01"
[0m14:18:59.260920 [debug] [Thread-1 (]: Began executing node model.my_dbt_project.share_holdings_01
[0m14:18:59.260920 [debug] [Thread-1 (]: Finished running node model.my_dbt_project.share_holdings_01
[0m14:18:59.261928 [debug] [Thread-1 (]: Began running node test.my_dbt_project.not_null_my_second_dbt_model_id.151b76d778
[0m14:18:59.261928 [debug] [Thread-1 (]: Re-using an available connection from the pool (formerly model.my_dbt_project.share_holdings_01, now test.my_dbt_project.not_null_my_second_dbt_model_id.151b76d778)
[0m14:18:59.261928 [debug] [Thread-1 (]: Began compiling node test.my_dbt_project.not_null_my_second_dbt_model_id.151b76d778
[0m14:18:59.264920 [debug] [Thread-1 (]: Writing injected SQL for node "test.my_dbt_project.not_null_my_second_dbt_model_id.151b76d778"
[0m14:18:59.264920 [debug] [Thread-1 (]: Began executing node test.my_dbt_project.not_null_my_second_dbt_model_id.151b76d778
[0m14:18:59.265959 [debug] [Thread-1 (]: Finished running node test.my_dbt_project.not_null_my_second_dbt_model_id.151b76d778
[0m14:18:59.265959 [debug] [Thread-1 (]: Began running node test.my_dbt_project.unique_my_second_dbt_model_id.57a0f8c493
[0m14:18:59.265959 [debug] [Thread-1 (]: Re-using an available connection from the pool (formerly test.my_dbt_project.not_null_my_second_dbt_model_id.151b76d778, now test.my_dbt_project.unique_my_second_dbt_model_id.57a0f8c493)
[0m14:18:59.266877 [debug] [Thread-1 (]: Began compiling node test.my_dbt_project.unique_my_second_dbt_model_id.57a0f8c493
[0m14:18:59.268923 [debug] [Thread-1 (]: Writing injected SQL for node "test.my_dbt_project.unique_my_second_dbt_model_id.57a0f8c493"
[0m14:18:59.268923 [debug] [Thread-1 (]: Began executing node test.my_dbt_project.unique_my_second_dbt_model_id.57a0f8c493
[0m14:18:59.269920 [debug] [Thread-1 (]: Finished running node test.my_dbt_project.unique_my_second_dbt_model_id.57a0f8c493
[0m14:18:59.270924 [debug] [MainThread]: Connection 'master' was properly closed.
[0m14:18:59.270924 [debug] [MainThread]: Connection 'list_mypostgresdb_public' was properly closed.
[0m14:18:59.271931 [debug] [MainThread]: Connection 'test.my_dbt_project.unique_my_second_dbt_model_id.57a0f8c493' was properly closed.
[0m14:18:59.272951 [debug] [MainThread]: Command end result
[0m14:18:59.284920 [debug] [MainThread]: Wrote artifact WritableManifest to D:\my_dbt_project\target\manifest.json
[0m14:18:59.286974 [debug] [MainThread]: Wrote artifact SemanticManifest to D:\my_dbt_project\target\semantic_manifest.json
[0m14:18:59.291083 [debug] [MainThread]: Wrote artifact RunExecutionResult to D:\my_dbt_project\target\run_results.json
[0m14:18:59.292034 [debug] [MainThread]: Command `dbt compile` succeeded at 14:18:59.292034 after 0.98 seconds
[0m14:18:59.292034 [debug] [MainThread]: Sending event: {'category': 'dbt', 'action': 'invocation', 'label': 'end', 'context': [<snowplow_tracker.self_describing_json.SelfDescribingJson object at 0x00000255EEEBA8D0>, <snowplow_tracker.self_describing_json.SelfDescribingJson object at 0x00000255E98A12D0>, <snowplow_tracker.self_describing_json.SelfDescribingJson object at 0x00000255E9828450>]}
[0m14:18:59.293031 [debug] [MainThread]: Flushing usage events
[0m14:19:02.758686 [debug] [MainThread]: An error was encountered while trying to flush usage events
[0m14:19:18.299076 [debug] [MainThread]: Sending event: {'category': 'dbt', 'action': 'invocation', 'label': 'start', 'context': [<snowplow_tracker.self_describing_json.SelfDescribingJson object at 0x000001F1F6350810>, <snowplow_tracker.self_describing_json.SelfDescribingJson object at 0x000001F1F638AC50>, <snowplow_tracker.self_describing_json.SelfDescribingJson object at 0x000001F1F638A990>]}


============================== 14:19:18.301152 | f91d9c10-d70f-409a-b3cb-e85e0384a0dd ==============================
[0m14:19:18.301152 [info ] [MainThread]: Running with dbt=1.10.5
[0m14:19:18.302118 [debug] [MainThread]: running dbt with arguments {'printer_width': '80', 'indirect_selection': 'eager', 'write_json': 'True', 'log_cache_events': 'False', 'partial_parse': 'True', 'cache_selected_only': 'False', 'warn_error': 'None', 'fail_fast': 'False', 'version_check': 'True', 'log_path': 'D:\\my_dbt_project\\logs', 'profiles_dir': 'C:\\Users\\hp sys\\.dbt', 'debug': 'False', 'use_colors': 'True', 'use_experimental_parser': 'False', 'empty': 'False', 'quiet': 'False', 'no_print': 'None', 'log_format': 'default', 'static_parser': 'True', 'introspect': 'True', 'invocation_command': 'dbt run', 'target_path': 'None', 'warn_error_options': 'WarnErrorOptionsV2(error=[], warn=[], silence=[])', 'send_anonymous_usage_stats': 'True'}
[0m14:19:18.429880 [debug] [MainThread]: Sending event: {'category': 'dbt', 'action': 'project_id', 'label': 'f91d9c10-d70f-409a-b3cb-e85e0384a0dd', 'context': [<snowplow_tracker.self_describing_json.SelfDescribingJson object at 0x000001F1F63CF050>]}
[0m14:19:18.469760 [debug] [MainThread]: Sending event: {'category': 'dbt', 'action': 'adapter_info', 'label': 'f91d9c10-d70f-409a-b3cb-e85e0384a0dd', 'context': [<snowplow_tracker.self_describing_json.SelfDescribingJson object at 0x000001F1F1ED0190>]}
[0m14:19:18.470761 [info ] [MainThread]: Registered adapter: postgres=1.9.0
[0m14:19:18.622922 [debug] [MainThread]: checksum: fa4c2685620973c5adba0a491aa9c06e8cf48c9113a5280b45b6efa706ae8f4b, vars: {}, profile: , target: , version: 1.10.5
[0m14:19:18.713914 [debug] [MainThread]: Partial parsing enabled: 0 files deleted, 0 files added, 0 files changed.
[0m14:19:18.713914 [debug] [MainThread]: Partial parsing enabled, no changes found, skipping parsing
[0m14:19:18.744779 [debug] [MainThread]: Sending event: {'category': 'dbt', 'action': 'load_project', 'label': 'f91d9c10-d70f-409a-b3cb-e85e0384a0dd', 'context': [<snowplow_tracker.self_describing_json.SelfDescribingJson object at 0x000001F1F6BBC390>]}
[0m14:19:18.795450 [debug] [MainThread]: Wrote artifact WritableManifest to D:\my_dbt_project\target\manifest.json
[0m14:19:18.796411 [debug] [MainThread]: Wrote artifact SemanticManifest to D:\my_dbt_project\target\semantic_manifest.json
[0m14:19:18.807778 [debug] [MainThread]: Sending event: {'category': 'dbt', 'action': 'resource_counts', 'label': 'f91d9c10-d70f-409a-b3cb-e85e0384a0dd', 'context': [<snowplow_tracker.self_describing_json.SelfDescribingJson object at 0x000001F1F6FEBE50>]}
[0m14:19:18.808749 [info ] [MainThread]: Found 3 models, 4 data tests, 1 seed, 434 macros
[0m14:19:18.808749 [debug] [MainThread]: Sending event: {'category': 'dbt', 'action': 'runnable_timing', 'label': 'f91d9c10-d70f-409a-b3cb-e85e0384a0dd', 'context': [<snowplow_tracker.self_describing_json.SelfDescribingJson object at 0x000001F1F6BE4390>]}
[0m14:19:18.810841 [info ] [MainThread]: 
[0m14:19:18.810841 [info ] [MainThread]: Concurrency: 1 threads (target='dev')
[0m14:19:18.811750 [info ] [MainThread]: 
[0m14:19:18.811750 [debug] [MainThread]: Acquiring new postgres connection 'master'
[0m14:19:18.814760 [debug] [ThreadPool]: Acquiring new postgres connection 'list_mypostgresdb'
[0m14:19:18.855895 [debug] [ThreadPool]: Using postgres connection "list_mypostgresdb"
[0m14:19:18.855895 [debug] [ThreadPool]: On list_mypostgresdb: /* {"app": "dbt", "dbt_version": "1.10.5", "profile_name": "my_dbt_project", "target_name": "dev", "connection_name": "list_mypostgresdb"} */

    select distinct nspname from pg_namespace
  
[0m14:19:18.855895 [debug] [ThreadPool]: Opening a new connection, currently in state init
[0m14:19:18.897353 [debug] [ThreadPool]: SQL status: SELECT 4 in 0.041 seconds
[0m14:19:18.898405 [debug] [ThreadPool]: On list_mypostgresdb: Close
[0m14:19:18.899359 [debug] [ThreadPool]: Acquiring new postgres connection 'list_mypostgresdb_public'
[0m14:19:18.903387 [debug] [ThreadPool]: Using postgres connection "list_mypostgresdb_public"
[0m14:19:18.904428 [debug] [ThreadPool]: On list_mypostgresdb_public: BEGIN
[0m14:19:18.904428 [debug] [ThreadPool]: Opening a new connection, currently in state init
[0m14:19:19.047555 [debug] [ThreadPool]: SQL status: BEGIN in 0.143 seconds
[0m14:19:19.047555 [debug] [ThreadPool]: Using postgres connection "list_mypostgresdb_public"
[0m14:19:19.047555 [debug] [ThreadPool]: On list_mypostgresdb_public: /* {"app": "dbt", "dbt_version": "1.10.5", "profile_name": "my_dbt_project", "target_name": "dev", "connection_name": "list_mypostgresdb_public"} */
select
      'mypostgresdb' as database,
      tablename as name,
      schemaname as schema,
      'table' as type
    from pg_tables
    where schemaname ilike 'public'
    union all
    select
      'mypostgresdb' as database,
      viewname as name,
      schemaname as schema,
      'view' as type
    from pg_views
    where schemaname ilike 'public'
    union all
    select
      'mypostgresdb' as database,
      matviewname as name,
      schemaname as schema,
      'materialized_view' as type
    from pg_matviews
    where schemaname ilike 'public'
  
[0m14:19:19.050562 [debug] [ThreadPool]: SQL status: SELECT 4 in 0.002 seconds
[0m14:19:19.051556 [debug] [ThreadPool]: On list_mypostgresdb_public: ROLLBACK
[0m14:19:19.051556 [debug] [ThreadPool]: On list_mypostgresdb_public: Close
[0m14:19:19.055881 [debug] [MainThread]: Using postgres connection "master"
[0m14:19:19.055881 [debug] [MainThread]: On master: BEGIN
[0m14:19:19.056880 [debug] [MainThread]: Opening a new connection, currently in state init
[0m14:19:19.089172 [debug] [MainThread]: SQL status: BEGIN in 0.033 seconds
[0m14:19:19.089172 [debug] [MainThread]: Using postgres connection "master"
[0m14:19:19.090173 [debug] [MainThread]: On master: /* {"app": "dbt", "dbt_version": "1.10.5", "profile_name": "my_dbt_project", "target_name": "dev", "connection_name": "master"} */
with relation as (
        select
            pg_rewrite.ev_class as class,
            pg_rewrite.oid as id
        from pg_rewrite
    ),
    class as (
        select
            oid as id,
            relname as name,
            relnamespace as schema,
            relkind as kind
        from pg_class
    ),
    dependency as (
        select distinct
            pg_depend.objid as id,
            pg_depend.refobjid as ref
        from pg_depend
    ),
    schema as (
        select
            pg_namespace.oid as id,
            pg_namespace.nspname as name
        from pg_namespace
        where nspname != 'information_schema' and nspname not like 'pg\_%'
    ),
    referenced as (
        select
            relation.id AS id,
            referenced_class.name ,
            referenced_class.schema ,
            referenced_class.kind
        from relation
        join class as referenced_class on relation.class=referenced_class.id
        where referenced_class.kind in ('r', 'v', 'm')
    ),
    relationships as (
        select
            referenced.name as referenced_name,
            referenced.schema as referenced_schema_id,
            dependent_class.name as dependent_name,
            dependent_class.schema as dependent_schema_id,
            referenced.kind as kind
        from referenced
        join dependency on referenced.id=dependency.id
        join class as dependent_class on dependency.ref=dependent_class.id
        where
            (referenced.name != dependent_class.name or
             referenced.schema != dependent_class.schema)
    )

    select
        referenced_schema.name as referenced_schema,
        relationships.referenced_name as referenced_name,
        dependent_schema.name as dependent_schema,
        relationships.dependent_name as dependent_name
    from relationships
    join schema as dependent_schema on relationships.dependent_schema_id=dependent_schema.id
    join schema as referenced_schema on relationships.referenced_schema_id=referenced_schema.id
    group by referenced_schema, referenced_name, dependent_schema, dependent_name
    order by referenced_schema, referenced_name, dependent_schema, dependent_name;
[0m14:19:19.093173 [debug] [MainThread]: SQL status: SELECT 0 in 0.003 seconds
[0m14:19:19.094484 [debug] [MainThread]: Sending event: {'category': 'dbt', 'action': 'runnable_timing', 'label': 'f91d9c10-d70f-409a-b3cb-e85e0384a0dd', 'context': [<snowplow_tracker.self_describing_json.SelfDescribingJson object at 0x000001F1F6ED29D0>]}
[0m14:19:19.094484 [debug] [MainThread]: On master: ROLLBACK
[0m14:19:19.094484 [debug] [MainThread]: Using postgres connection "master"
[0m14:19:19.095493 [debug] [MainThread]: On master: BEGIN
[0m14:19:19.095493 [debug] [MainThread]: SQL status: BEGIN in 0.000 seconds
[0m14:19:19.096489 [debug] [MainThread]: On master: COMMIT
[0m14:19:19.096489 [debug] [MainThread]: Using postgres connection "master"
[0m14:19:19.096489 [debug] [MainThread]: On master: COMMIT
[0m14:19:19.097517 [debug] [MainThread]: SQL status: COMMIT in 0.000 seconds
[0m14:19:19.097517 [debug] [MainThread]: On master: Close
[0m14:19:19.101525 [debug] [Thread-1 (]: Began running node model.my_dbt_project.my_first_dbt_model
[0m14:19:19.101525 [info ] [Thread-1 (]: 1 of 3 START sql table model public.my_first_dbt_model ......................... [RUN]
[0m14:19:19.102553 [debug] [Thread-1 (]: Acquiring new postgres connection 'model.my_dbt_project.my_first_dbt_model'
[0m14:19:19.102553 [debug] [Thread-1 (]: Began compiling node model.my_dbt_project.my_first_dbt_model
[0m14:19:19.108522 [debug] [Thread-1 (]: Writing injected SQL for node "model.my_dbt_project.my_first_dbt_model"
[0m14:19:19.109522 [debug] [Thread-1 (]: Began executing node model.my_dbt_project.my_first_dbt_model
[0m14:19:19.136036 [debug] [Thread-1 (]: Writing runtime sql for node "model.my_dbt_project.my_first_dbt_model"
[0m14:19:19.137048 [debug] [Thread-1 (]: Using postgres connection "model.my_dbt_project.my_first_dbt_model"
[0m14:19:19.137048 [debug] [Thread-1 (]: On model.my_dbt_project.my_first_dbt_model: BEGIN
[0m14:19:19.138046 [debug] [Thread-1 (]: Opening a new connection, currently in state init
[0m14:19:19.174037 [debug] [Thread-1 (]: SQL status: BEGIN in 0.036 seconds
[0m14:19:19.174037 [debug] [Thread-1 (]: Using postgres connection "model.my_dbt_project.my_first_dbt_model"
[0m14:19:19.175035 [debug] [Thread-1 (]: On model.my_dbt_project.my_first_dbt_model: /* {"app": "dbt", "dbt_version": "1.10.5", "profile_name": "my_dbt_project", "target_name": "dev", "node_id": "model.my_dbt_project.my_first_dbt_model"} */

  
    

  create  table "mypostgresdb"."public"."my_first_dbt_model__dbt_tmp"
  
  
    as
  
  (
    /*
    Welcome to your first dbt model!
    Did you know that you can also configure models directly within SQL files?
    This will override configurations stated in dbt_project.yml

    Try changing "table" to "view" below
*/



with source_data as (

    select 1 as id, 'Raj' as name, 'India' as country
    union all
    select 2 as id, 'Chris' as name, 'India' as country

)

select *
from source_data

/*
    Uncomment the line below to remove records with null `id` values
*/

-- where id is not null
  );
  
[0m14:19:19.178037 [debug] [Thread-1 (]: SQL status: SELECT 2 in 0.003 seconds
[0m14:19:19.184051 [debug] [Thread-1 (]: Using postgres connection "model.my_dbt_project.my_first_dbt_model"
[0m14:19:19.184051 [debug] [Thread-1 (]: On model.my_dbt_project.my_first_dbt_model: /* {"app": "dbt", "dbt_version": "1.10.5", "profile_name": "my_dbt_project", "target_name": "dev", "node_id": "model.my_dbt_project.my_first_dbt_model"} */
alter table "mypostgresdb"."public"."my_first_dbt_model" rename to "my_first_dbt_model__dbt_backup"
[0m14:19:19.186036 [debug] [Thread-1 (]: SQL status: ALTER TABLE in 0.002 seconds
[0m14:19:19.188038 [debug] [Thread-1 (]: Using postgres connection "model.my_dbt_project.my_first_dbt_model"
[0m14:19:19.189037 [debug] [Thread-1 (]: On model.my_dbt_project.my_first_dbt_model: /* {"app": "dbt", "dbt_version": "1.10.5", "profile_name": "my_dbt_project", "target_name": "dev", "node_id": "model.my_dbt_project.my_first_dbt_model"} */
alter table "mypostgresdb"."public"."my_first_dbt_model__dbt_tmp" rename to "my_first_dbt_model"
[0m14:19:19.189037 [debug] [Thread-1 (]: SQL status: ALTER TABLE in 0.000 seconds
[0m14:19:19.199036 [debug] [Thread-1 (]: On model.my_dbt_project.my_first_dbt_model: COMMIT
[0m14:19:19.200037 [debug] [Thread-1 (]: Using postgres connection "model.my_dbt_project.my_first_dbt_model"
[0m14:19:19.200037 [debug] [Thread-1 (]: On model.my_dbt_project.my_first_dbt_model: COMMIT
[0m14:19:19.201036 [debug] [Thread-1 (]: SQL status: COMMIT in 0.001 seconds
[0m14:19:19.206060 [debug] [Thread-1 (]: Applying DROP to: "mypostgresdb"."public"."my_first_dbt_model__dbt_backup"
[0m14:19:19.210035 [debug] [Thread-1 (]: Using postgres connection "model.my_dbt_project.my_first_dbt_model"
[0m14:19:19.210035 [debug] [Thread-1 (]: On model.my_dbt_project.my_first_dbt_model: /* {"app": "dbt", "dbt_version": "1.10.5", "profile_name": "my_dbt_project", "target_name": "dev", "node_id": "model.my_dbt_project.my_first_dbt_model"} */
drop table if exists "mypostgresdb"."public"."my_first_dbt_model__dbt_backup" cascade
[0m14:19:19.213037 [debug] [Thread-1 (]: SQL status: DROP TABLE in 0.002 seconds
[0m14:19:19.214034 [debug] [Thread-1 (]: On model.my_dbt_project.my_first_dbt_model: Close
[0m14:19:19.216036 [debug] [Thread-1 (]: Sending event: {'category': 'dbt', 'action': 'run_model', 'label': 'f91d9c10-d70f-409a-b3cb-e85e0384a0dd', 'context': [<snowplow_tracker.self_describing_json.SelfDescribingJson object at 0x000001F1F635BE90>]}
[0m14:19:19.216036 [info ] [Thread-1 (]: 1 of 3 OK created sql table model public.my_first_dbt_model .................... [[32mSELECT 2[0m in 0.11s]
[0m14:19:19.217035 [debug] [Thread-1 (]: Finished running node model.my_dbt_project.my_first_dbt_model
[0m14:19:19.218040 [debug] [Thread-1 (]: Began running node model.my_dbt_project.share_holdings_01
[0m14:19:19.218040 [info ] [Thread-1 (]: 2 of 3 START sql table model public.share_holdings_01 .......................... [RUN]
[0m14:19:19.219048 [debug] [Thread-1 (]: Re-using an available connection from the pool (formerly model.my_dbt_project.my_first_dbt_model, now model.my_dbt_project.share_holdings_01)
[0m14:19:19.219048 [debug] [Thread-1 (]: Began compiling node model.my_dbt_project.share_holdings_01
[0m14:19:19.261569 [debug] [Thread-1 (]: Writing injected SQL for node "model.my_dbt_project.share_holdings_01"
[0m14:19:19.262569 [debug] [Thread-1 (]: Began executing node model.my_dbt_project.share_holdings_01
[0m14:19:19.264738 [debug] [Thread-1 (]: Writing runtime sql for node "model.my_dbt_project.share_holdings_01"
[0m14:19:19.265739 [debug] [Thread-1 (]: Using postgres connection "model.my_dbt_project.share_holdings_01"
[0m14:19:19.265739 [debug] [Thread-1 (]: On model.my_dbt_project.share_holdings_01: BEGIN
[0m14:19:19.266740 [debug] [Thread-1 (]: Opening a new connection, currently in state closed
[0m14:19:19.300609 [debug] [Thread-1 (]: SQL status: BEGIN in 0.034 seconds
[0m14:19:19.300609 [debug] [Thread-1 (]: Using postgres connection "model.my_dbt_project.share_holdings_01"
[0m14:19:19.300609 [debug] [Thread-1 (]: On model.my_dbt_project.share_holdings_01: /* {"app": "dbt", "dbt_version": "1.10.5", "profile_name": "my_dbt_project", "target_name": "dev", "node_id": "model.my_dbt_project.share_holdings_01"} */

  
    

  create  table "mypostgresdb"."public"."share_holdings_01__dbt_tmp"
  
  
    as
  
  (
    

-- Use the `ref` function to select from other models

select *
from "mypostgresdb"."public"."holdings_clean"
where id = 1
  );
  
[0m14:19:19.301604 [debug] [Thread-1 (]: Postgres adapter: Postgres error: column "id" does not exist
LINE 18: where id = 1
               ^

[0m14:19:19.301604 [debug] [Thread-1 (]: On model.my_dbt_project.share_holdings_01: ROLLBACK
[0m14:19:19.302605 [debug] [Thread-1 (]: On model.my_dbt_project.share_holdings_01: Close
[0m14:19:19.310759 [debug] [Thread-1 (]: Database Error in model share_holdings_01 (models\example\share_holdings_01.sql)
  column "id" does not exist
  LINE 18: where id = 1
                 ^
  compiled code at target\run\my_dbt_project\models\example\share_holdings_01.sql
[0m14:19:19.310759 [debug] [Thread-1 (]: Sending event: {'category': 'dbt', 'action': 'run_model', 'label': 'f91d9c10-d70f-409a-b3cb-e85e0384a0dd', 'context': [<snowplow_tracker.self_describing_json.SelfDescribingJson object at 0x000001F1F745F850>]}
[0m14:19:19.311759 [error] [Thread-1 (]: 2 of 3 ERROR creating sql table model public.share_holdings_01 ................. [[31mERROR[0m in 0.09s]
[0m14:19:19.312759 [debug] [Thread-1 (]: Finished running node model.my_dbt_project.share_holdings_01
[0m14:19:19.312759 [debug] [Thread-1 (]: Began running node model.my_dbt_project.my_second_dbt_model
[0m14:19:19.312759 [debug] [Thread-4 (]: Marking all children of 'model.my_dbt_project.share_holdings_01' to be skipped because of status 'error'.  Reason: Database Error in model share_holdings_01 (models\example\share_holdings_01.sql)
  column "id" does not exist
  LINE 18: where id = 1
                 ^
  compiled code at target\run\my_dbt_project\models\example\share_holdings_01.sql.
[0m14:19:19.313759 [info ] [Thread-1 (]: 3 of 3 START sql table model public.my_second_dbt_model ........................ [RUN]
[0m14:19:19.315121 [debug] [Thread-1 (]: Re-using an available connection from the pool (formerly model.my_dbt_project.share_holdings_01, now model.my_dbt_project.my_second_dbt_model)
[0m14:19:19.315121 [debug] [Thread-1 (]: Began compiling node model.my_dbt_project.my_second_dbt_model
[0m14:19:19.317126 [debug] [Thread-1 (]: Writing injected SQL for node "model.my_dbt_project.my_second_dbt_model"
[0m14:19:19.318126 [debug] [Thread-1 (]: Began executing node model.my_dbt_project.my_second_dbt_model
[0m14:19:19.320127 [debug] [Thread-1 (]: Writing runtime sql for node "model.my_dbt_project.my_second_dbt_model"
[0m14:19:19.321132 [debug] [Thread-1 (]: Using postgres connection "model.my_dbt_project.my_second_dbt_model"
[0m14:19:19.321132 [debug] [Thread-1 (]: On model.my_dbt_project.my_second_dbt_model: BEGIN
[0m14:19:19.321132 [debug] [Thread-1 (]: Opening a new connection, currently in state closed
[0m14:19:19.357576 [debug] [Thread-1 (]: SQL status: BEGIN in 0.036 seconds
[0m14:19:19.358577 [debug] [Thread-1 (]: Using postgres connection "model.my_dbt_project.my_second_dbt_model"
[0m14:19:19.358577 [debug] [Thread-1 (]: On model.my_dbt_project.my_second_dbt_model: /* {"app": "dbt", "dbt_version": "1.10.5", "profile_name": "my_dbt_project", "target_name": "dev", "node_id": "model.my_dbt_project.my_second_dbt_model"} */

  
    

  create  table "mypostgresdb"."public"."my_second_dbt_model__dbt_tmp"
  
  
    as
  
  (
    

-- Use the `ref` function to select from other models

select *
from "mypostgresdb"."public"."my_first_dbt_model"
where id = 1
  );
  
[0m14:19:19.361580 [debug] [Thread-1 (]: SQL status: SELECT 1 in 0.002 seconds
[0m14:19:19.363577 [debug] [Thread-1 (]: Using postgres connection "model.my_dbt_project.my_second_dbt_model"
[0m14:19:19.364577 [debug] [Thread-1 (]: On model.my_dbt_project.my_second_dbt_model: /* {"app": "dbt", "dbt_version": "1.10.5", "profile_name": "my_dbt_project", "target_name": "dev", "node_id": "model.my_dbt_project.my_second_dbt_model"} */
alter table "mypostgresdb"."public"."my_second_dbt_model" rename to "my_second_dbt_model__dbt_backup"
[0m14:19:19.365576 [debug] [Thread-1 (]: SQL status: ALTER TABLE in 0.000 seconds
[0m14:19:19.366591 [debug] [Thread-1 (]: Using postgres connection "model.my_dbt_project.my_second_dbt_model"
[0m14:19:19.367598 [debug] [Thread-1 (]: On model.my_dbt_project.my_second_dbt_model: /* {"app": "dbt", "dbt_version": "1.10.5", "profile_name": "my_dbt_project", "target_name": "dev", "node_id": "model.my_dbt_project.my_second_dbt_model"} */
alter table "mypostgresdb"."public"."my_second_dbt_model__dbt_tmp" rename to "my_second_dbt_model"
[0m14:19:19.367598 [debug] [Thread-1 (]: SQL status: ALTER TABLE in 0.000 seconds
[0m14:19:19.369585 [debug] [Thread-1 (]: On model.my_dbt_project.my_second_dbt_model: COMMIT
[0m14:19:19.369585 [debug] [Thread-1 (]: Using postgres connection "model.my_dbt_project.my_second_dbt_model"
[0m14:19:19.370577 [debug] [Thread-1 (]: On model.my_dbt_project.my_second_dbt_model: COMMIT
[0m14:19:19.370577 [debug] [Thread-1 (]: SQL status: COMMIT in 0.000 seconds
[0m14:19:19.372576 [debug] [Thread-1 (]: Applying DROP to: "mypostgresdb"."public"."my_second_dbt_model__dbt_backup"
[0m14:19:19.372576 [debug] [Thread-1 (]: Using postgres connection "model.my_dbt_project.my_second_dbt_model"
[0m14:19:19.373577 [debug] [Thread-1 (]: On model.my_dbt_project.my_second_dbt_model: /* {"app": "dbt", "dbt_version": "1.10.5", "profile_name": "my_dbt_project", "target_name": "dev", "node_id": "model.my_dbt_project.my_second_dbt_model"} */
drop table if exists "mypostgresdb"."public"."my_second_dbt_model__dbt_backup" cascade
[0m14:19:19.375576 [debug] [Thread-1 (]: SQL status: DROP TABLE in 0.002 seconds
[0m14:19:19.376576 [debug] [Thread-1 (]: On model.my_dbt_project.my_second_dbt_model: Close
[0m14:19:19.377576 [debug] [Thread-1 (]: Sending event: {'category': 'dbt', 'action': 'run_model', 'label': 'f91d9c10-d70f-409a-b3cb-e85e0384a0dd', 'context': [<snowplow_tracker.self_describing_json.SelfDescribingJson object at 0x000001F1F2343C90>]}
[0m14:19:19.377576 [info ] [Thread-1 (]: 3 of 3 OK created sql table model public.my_second_dbt_model ................... [[32mSELECT 1[0m in 0.06s]
[0m14:19:19.378576 [debug] [Thread-1 (]: Finished running node model.my_dbt_project.my_second_dbt_model
[0m14:19:19.380576 [debug] [MainThread]: Using postgres connection "master"
[0m14:19:19.380576 [debug] [MainThread]: On master: BEGIN
[0m14:19:19.380576 [debug] [MainThread]: Opening a new connection, currently in state closed
[0m14:19:19.417106 [debug] [MainThread]: SQL status: BEGIN in 0.036 seconds
[0m14:19:19.418124 [debug] [MainThread]: On master: COMMIT
[0m14:19:19.418124 [debug] [MainThread]: Using postgres connection "master"
[0m14:19:19.418124 [debug] [MainThread]: On master: COMMIT
[0m14:19:19.419107 [debug] [MainThread]: SQL status: COMMIT in 0.000 seconds
[0m14:19:19.419107 [debug] [MainThread]: On master: Close
[0m14:19:19.420104 [debug] [MainThread]: Connection 'master' was properly closed.
[0m14:19:19.420104 [debug] [MainThread]: Connection 'list_mypostgresdb' was properly closed.
[0m14:19:19.420104 [debug] [MainThread]: Connection 'list_mypostgresdb_public' was properly closed.
[0m14:19:19.421109 [debug] [MainThread]: Connection 'model.my_dbt_project.my_second_dbt_model' was properly closed.
[0m14:19:19.421109 [info ] [MainThread]: 
[0m14:19:19.422176 [info ] [MainThread]: Finished running 3 table models in 0 hours 0 minutes and 0.61 seconds (0.61s).
[0m14:19:19.423182 [debug] [MainThread]: Command end result
[0m14:19:19.437346 [debug] [MainThread]: Wrote artifact WritableManifest to D:\my_dbt_project\target\manifest.json
[0m14:19:19.439346 [debug] [MainThread]: Wrote artifact SemanticManifest to D:\my_dbt_project\target\semantic_manifest.json
[0m14:19:19.443347 [debug] [MainThread]: Wrote artifact RunExecutionResult to D:\my_dbt_project\target\run_results.json
[0m14:19:19.443347 [info ] [MainThread]: 
[0m14:19:19.444346 [info ] [MainThread]: [31mCompleted with 1 error, 0 partial successes, and 0 warnings:[0m
[0m14:19:19.445348 [info ] [MainThread]: 
[0m14:19:19.446347 [error] [MainThread]: [31mFailure in model share_holdings_01 (models\example\share_holdings_01.sql)[0m
[0m14:19:19.446347 [error] [MainThread]:   Database Error in model share_holdings_01 (models\example\share_holdings_01.sql)
  column "id" does not exist
  LINE 18: where id = 1
                 ^
  compiled code at target\run\my_dbt_project\models\example\share_holdings_01.sql
[0m14:19:19.447348 [info ] [MainThread]: 
[0m14:19:19.447348 [info ] [MainThread]:   compiled code at target\compiled\my_dbt_project\models\example\share_holdings_01.sql
[0m14:19:19.448726 [info ] [MainThread]: 
[0m14:19:19.448726 [info ] [MainThread]: Done. PASS=2 WARN=0 ERROR=1 SKIP=0 NO-OP=0 TOTAL=3
[0m14:19:19.449738 [debug] [MainThread]: Command `dbt run` failed at 14:19:19.449738 after 1.22 seconds
[0m14:19:19.450735 [debug] [MainThread]: Sending event: {'category': 'dbt', 'action': 'invocation', 'label': 'end', 'context': [<snowplow_tracker.self_describing_json.SelfDescribingJson object at 0x000001F1F0A29110>, <snowplow_tracker.self_describing_json.SelfDescribingJson object at 0x000001F1F0A29190>, <snowplow_tracker.self_describing_json.SelfDescribingJson object at 0x000001F1F6347950>]}
[0m14:19:19.450735 [debug] [MainThread]: Flushing usage events
[0m14:19:23.079319 [debug] [MainThread]: An error was encountered while trying to flush usage events
[0m14:20:13.625462 [debug] [MainThread]: Sending event: {'category': 'dbt', 'action': 'invocation', 'label': 'start', 'context': [<snowplow_tracker.self_describing_json.SelfDescribingJson object at 0x0000020C04353550>, <snowplow_tracker.self_describing_json.SelfDescribingJson object at 0x0000020C0437D7D0>, <snowplow_tracker.self_describing_json.SelfDescribingJson object at 0x0000020C0437D250>]}


============================== 14:20:13.628976 | f3177565-a7fd-4917-83a4-9be1a07df508 ==============================
[0m14:20:13.628976 [info ] [MainThread]: Running with dbt=1.10.5
[0m14:20:13.629522 [debug] [MainThread]: running dbt with arguments {'printer_width': '80', 'indirect_selection': 'eager', 'log_cache_events': 'False', 'write_json': 'True', 'partial_parse': 'True', 'cache_selected_only': 'False', 'warn_error': 'None', 'fail_fast': 'False', 'profiles_dir': 'C:\\Users\\hp sys\\.dbt', 'log_path': 'D:\\my_dbt_project\\logs', 'version_check': 'True', 'debug': 'False', 'use_colors': 'True', 'use_experimental_parser': 'False', 'no_print': 'None', 'quiet': 'False', 'empty': 'False', 'log_format': 'default', 'invocation_command': 'dbt run', 'warn_error_options': 'WarnErrorOptionsV2(error=[], warn=[], silence=[])', 'static_parser': 'True', 'target_path': 'None', 'introspect': 'True', 'send_anonymous_usage_stats': 'True'}
[0m14:20:13.757606 [debug] [MainThread]: Sending event: {'category': 'dbt', 'action': 'project_id', 'label': 'f3177565-a7fd-4917-83a4-9be1a07df508', 'context': [<snowplow_tracker.self_describing_json.SelfDescribingJson object at 0x0000020C043C5050>]}
[0m14:20:13.797871 [debug] [MainThread]: Sending event: {'category': 'dbt', 'action': 'adapter_info', 'label': 'f3177565-a7fd-4917-83a4-9be1a07df508', 'context': [<snowplow_tracker.self_describing_json.SelfDescribingJson object at 0x0000020C7FDD0FD0>]}
[0m14:20:13.797871 [info ] [MainThread]: Registered adapter: postgres=1.9.0
[0m14:20:13.943377 [debug] [MainThread]: checksum: fa4c2685620973c5adba0a491aa9c06e8cf48c9113a5280b45b6efa706ae8f4b, vars: {}, profile: , target: , version: 1.10.5
[0m14:20:14.036819 [debug] [MainThread]: Partial parsing enabled: 0 files deleted, 0 files added, 1 files changed.
[0m14:20:14.037998 [debug] [MainThread]: Partial parsing: updated file: my_dbt_project://models\example\share_holdings_01.sql
[0m14:20:14.206958 [debug] [MainThread]: Sending event: {'category': 'dbt', 'action': 'load_project', 'label': 'f3177565-a7fd-4917-83a4-9be1a07df508', 'context': [<snowplow_tracker.self_describing_json.SelfDescribingJson object at 0x0000020C047F0050>]}
[0m14:20:14.255465 [debug] [MainThread]: Wrote artifact WritableManifest to D:\my_dbt_project\target\manifest.json
[0m14:20:14.257469 [debug] [MainThread]: Wrote artifact SemanticManifest to D:\my_dbt_project\target\semantic_manifest.json
[0m14:20:14.268423 [debug] [MainThread]: Sending event: {'category': 'dbt', 'action': 'resource_counts', 'label': 'f3177565-a7fd-4917-83a4-9be1a07df508', 'context': [<snowplow_tracker.self_describing_json.SelfDescribingJson object at 0x0000020C051C2ED0>]}
[0m14:20:14.268423 [info ] [MainThread]: Found 3 models, 4 data tests, 1 seed, 434 macros
[0m14:20:14.269467 [debug] [MainThread]: Sending event: {'category': 'dbt', 'action': 'runnable_timing', 'label': 'f3177565-a7fd-4917-83a4-9be1a07df508', 'context': [<snowplow_tracker.self_describing_json.SelfDescribingJson object at 0x0000020C04B8EE10>]}
[0m14:20:14.270532 [info ] [MainThread]: 
[0m14:20:14.270532 [info ] [MainThread]: Concurrency: 1 threads (target='dev')
[0m14:20:14.271475 [info ] [MainThread]: 
[0m14:20:14.271475 [debug] [MainThread]: Acquiring new postgres connection 'master'
[0m14:20:14.274742 [debug] [ThreadPool]: Acquiring new postgres connection 'list_mypostgresdb'
[0m14:20:14.347379 [debug] [ThreadPool]: Using postgres connection "list_mypostgresdb"
[0m14:20:14.348492 [debug] [ThreadPool]: On list_mypostgresdb: /* {"app": "dbt", "dbt_version": "1.10.5", "profile_name": "my_dbt_project", "target_name": "dev", "connection_name": "list_mypostgresdb"} */

    select distinct nspname from pg_namespace
  
[0m14:20:14.348492 [debug] [ThreadPool]: Opening a new connection, currently in state init
[0m14:20:14.387814 [debug] [ThreadPool]: SQL status: SELECT 4 in 0.039 seconds
[0m14:20:14.388815 [debug] [ThreadPool]: On list_mypostgresdb: Close
[0m14:20:14.389818 [debug] [ThreadPool]: Acquiring new postgres connection 'list_mypostgresdb_public'
[0m14:20:14.395834 [debug] [ThreadPool]: Using postgres connection "list_mypostgresdb_public"
[0m14:20:14.395834 [debug] [ThreadPool]: On list_mypostgresdb_public: BEGIN
[0m14:20:14.396875 [debug] [ThreadPool]: Opening a new connection, currently in state init
[0m14:20:14.434439 [debug] [ThreadPool]: SQL status: BEGIN in 0.038 seconds
[0m14:20:14.434439 [debug] [ThreadPool]: Using postgres connection "list_mypostgresdb_public"
[0m14:20:14.435440 [debug] [ThreadPool]: On list_mypostgresdb_public: /* {"app": "dbt", "dbt_version": "1.10.5", "profile_name": "my_dbt_project", "target_name": "dev", "connection_name": "list_mypostgresdb_public"} */
select
      'mypostgresdb' as database,
      tablename as name,
      schemaname as schema,
      'table' as type
    from pg_tables
    where schemaname ilike 'public'
    union all
    select
      'mypostgresdb' as database,
      viewname as name,
      schemaname as schema,
      'view' as type
    from pg_views
    where schemaname ilike 'public'
    union all
    select
      'mypostgresdb' as database,
      matviewname as name,
      schemaname as schema,
      'materialized_view' as type
    from pg_matviews
    where schemaname ilike 'public'
  
[0m14:20:14.437439 [debug] [ThreadPool]: SQL status: SELECT 4 in 0.002 seconds
[0m14:20:14.439440 [debug] [ThreadPool]: On list_mypostgresdb_public: ROLLBACK
[0m14:20:14.440439 [debug] [ThreadPool]: On list_mypostgresdb_public: Close
[0m14:20:14.445440 [debug] [MainThread]: Using postgres connection "master"
[0m14:20:14.445440 [debug] [MainThread]: On master: BEGIN
[0m14:20:14.445440 [debug] [MainThread]: Opening a new connection, currently in state init
[0m14:20:14.484974 [debug] [MainThread]: SQL status: BEGIN in 0.040 seconds
[0m14:20:14.486224 [debug] [MainThread]: Using postgres connection "master"
[0m14:20:14.486224 [debug] [MainThread]: On master: /* {"app": "dbt", "dbt_version": "1.10.5", "profile_name": "my_dbt_project", "target_name": "dev", "connection_name": "master"} */
with relation as (
        select
            pg_rewrite.ev_class as class,
            pg_rewrite.oid as id
        from pg_rewrite
    ),
    class as (
        select
            oid as id,
            relname as name,
            relnamespace as schema,
            relkind as kind
        from pg_class
    ),
    dependency as (
        select distinct
            pg_depend.objid as id,
            pg_depend.refobjid as ref
        from pg_depend
    ),
    schema as (
        select
            pg_namespace.oid as id,
            pg_namespace.nspname as name
        from pg_namespace
        where nspname != 'information_schema' and nspname not like 'pg\_%'
    ),
    referenced as (
        select
            relation.id AS id,
            referenced_class.name ,
            referenced_class.schema ,
            referenced_class.kind
        from relation
        join class as referenced_class on relation.class=referenced_class.id
        where referenced_class.kind in ('r', 'v', 'm')
    ),
    relationships as (
        select
            referenced.name as referenced_name,
            referenced.schema as referenced_schema_id,
            dependent_class.name as dependent_name,
            dependent_class.schema as dependent_schema_id,
            referenced.kind as kind
        from referenced
        join dependency on referenced.id=dependency.id
        join class as dependent_class on dependency.ref=dependent_class.id
        where
            (referenced.name != dependent_class.name or
             referenced.schema != dependent_class.schema)
    )

    select
        referenced_schema.name as referenced_schema,
        relationships.referenced_name as referenced_name,
        dependent_schema.name as dependent_schema,
        relationships.dependent_name as dependent_name
    from relationships
    join schema as dependent_schema on relationships.dependent_schema_id=dependent_schema.id
    join schema as referenced_schema on relationships.referenced_schema_id=referenced_schema.id
    group by referenced_schema, referenced_name, dependent_schema, dependent_name
    order by referenced_schema, referenced_name, dependent_schema, dependent_name;
[0m14:20:14.491601 [debug] [MainThread]: SQL status: SELECT 0 in 0.004 seconds
[0m14:20:14.492886 [debug] [MainThread]: Sending event: {'category': 'dbt', 'action': 'runnable_timing', 'label': 'f3177565-a7fd-4917-83a4-9be1a07df508', 'context': [<snowplow_tracker.self_describing_json.SelfDescribingJson object at 0x0000020C7FCD2A10>]}
[0m14:20:14.492886 [debug] [MainThread]: On master: ROLLBACK
[0m14:20:14.493894 [debug] [MainThread]: Using postgres connection "master"
[0m14:20:14.493894 [debug] [MainThread]: On master: BEGIN
[0m14:20:14.494894 [debug] [MainThread]: SQL status: BEGIN in 0.000 seconds
[0m14:20:14.495894 [debug] [MainThread]: On master: COMMIT
[0m14:20:14.495894 [debug] [MainThread]: Using postgres connection "master"
[0m14:20:14.495894 [debug] [MainThread]: On master: COMMIT
[0m14:20:14.496891 [debug] [MainThread]: SQL status: COMMIT in 0.000 seconds
[0m14:20:14.496891 [debug] [MainThread]: On master: Close
[0m14:20:14.500892 [debug] [Thread-1 (]: Began running node model.my_dbt_project.my_first_dbt_model
[0m14:20:14.501891 [info ] [Thread-1 (]: 1 of 3 START sql table model public.my_first_dbt_model ......................... [RUN]
[0m14:20:14.502895 [debug] [Thread-1 (]: Acquiring new postgres connection 'model.my_dbt_project.my_first_dbt_model'
[0m14:20:14.502895 [debug] [Thread-1 (]: Began compiling node model.my_dbt_project.my_first_dbt_model
[0m14:20:14.508905 [debug] [Thread-1 (]: Writing injected SQL for node "model.my_dbt_project.my_first_dbt_model"
[0m14:20:14.508905 [debug] [Thread-1 (]: Began executing node model.my_dbt_project.my_first_dbt_model
[0m14:20:14.536645 [debug] [Thread-1 (]: Writing runtime sql for node "model.my_dbt_project.my_first_dbt_model"
[0m14:20:14.537748 [debug] [Thread-1 (]: Using postgres connection "model.my_dbt_project.my_first_dbt_model"
[0m14:20:14.538645 [debug] [Thread-1 (]: On model.my_dbt_project.my_first_dbt_model: BEGIN
[0m14:20:14.538645 [debug] [Thread-1 (]: Opening a new connection, currently in state init
[0m14:20:14.574325 [debug] [Thread-1 (]: SQL status: BEGIN in 0.036 seconds
[0m14:20:14.574325 [debug] [Thread-1 (]: Using postgres connection "model.my_dbt_project.my_first_dbt_model"
[0m14:20:14.575349 [debug] [Thread-1 (]: On model.my_dbt_project.my_first_dbt_model: /* {"app": "dbt", "dbt_version": "1.10.5", "profile_name": "my_dbt_project", "target_name": "dev", "node_id": "model.my_dbt_project.my_first_dbt_model"} */

  
    

  create  table "mypostgresdb"."public"."my_first_dbt_model__dbt_tmp"
  
  
    as
  
  (
    /*
    Welcome to your first dbt model!
    Did you know that you can also configure models directly within SQL files?
    This will override configurations stated in dbt_project.yml

    Try changing "table" to "view" below
*/



with source_data as (

    select 1 as id, 'Raj' as name, 'India' as country
    union all
    select 2 as id, 'Chris' as name, 'India' as country

)

select *
from source_data

/*
    Uncomment the line below to remove records with null `id` values
*/

-- where id is not null
  );
  
[0m14:20:14.578828 [debug] [Thread-1 (]: SQL status: SELECT 2 in 0.003 seconds
[0m14:20:14.585251 [debug] [Thread-1 (]: Using postgres connection "model.my_dbt_project.my_first_dbt_model"
[0m14:20:14.586313 [debug] [Thread-1 (]: On model.my_dbt_project.my_first_dbt_model: /* {"app": "dbt", "dbt_version": "1.10.5", "profile_name": "my_dbt_project", "target_name": "dev", "node_id": "model.my_dbt_project.my_first_dbt_model"} */
alter table "mypostgresdb"."public"."my_first_dbt_model" rename to "my_first_dbt_model__dbt_backup"
[0m14:20:14.586313 [debug] [Thread-1 (]: SQL status: ALTER TABLE in 0.000 seconds
[0m14:20:14.588255 [debug] [Thread-1 (]: Using postgres connection "model.my_dbt_project.my_first_dbt_model"
[0m14:20:14.589325 [debug] [Thread-1 (]: On model.my_dbt_project.my_first_dbt_model: /* {"app": "dbt", "dbt_version": "1.10.5", "profile_name": "my_dbt_project", "target_name": "dev", "node_id": "model.my_dbt_project.my_first_dbt_model"} */
alter table "mypostgresdb"."public"."my_first_dbt_model__dbt_tmp" rename to "my_first_dbt_model"
[0m14:20:14.590252 [debug] [Thread-1 (]: SQL status: ALTER TABLE in 0.000 seconds
[0m14:20:14.601250 [debug] [Thread-1 (]: On model.my_dbt_project.my_first_dbt_model: COMMIT
[0m14:20:14.602251 [debug] [Thread-1 (]: Using postgres connection "model.my_dbt_project.my_first_dbt_model"
[0m14:20:14.602251 [debug] [Thread-1 (]: On model.my_dbt_project.my_first_dbt_model: COMMIT
[0m14:20:14.603251 [debug] [Thread-1 (]: SQL status: COMMIT in 0.001 seconds
[0m14:20:14.608547 [debug] [Thread-1 (]: Applying DROP to: "mypostgresdb"."public"."my_first_dbt_model__dbt_backup"
[0m14:20:14.612553 [debug] [Thread-1 (]: Using postgres connection "model.my_dbt_project.my_first_dbt_model"
[0m14:20:14.612553 [debug] [Thread-1 (]: On model.my_dbt_project.my_first_dbt_model: /* {"app": "dbt", "dbt_version": "1.10.5", "profile_name": "my_dbt_project", "target_name": "dev", "node_id": "model.my_dbt_project.my_first_dbt_model"} */
drop table if exists "mypostgresdb"."public"."my_first_dbt_model__dbt_backup" cascade
[0m14:20:14.614557 [debug] [Thread-1 (]: SQL status: DROP TABLE in 0.001 seconds
[0m14:20:14.616585 [debug] [Thread-1 (]: On model.my_dbt_project.my_first_dbt_model: Close
[0m14:20:14.617632 [debug] [Thread-1 (]: Sending event: {'category': 'dbt', 'action': 'run_model', 'label': 'f3177565-a7fd-4917-83a4-9be1a07df508', 'context': [<snowplow_tracker.self_describing_json.SelfDescribingJson object at 0x0000020C0570BE50>]}
[0m14:20:14.618564 [info ] [Thread-1 (]: 1 of 3 OK created sql table model public.my_first_dbt_model .................... [[32mSELECT 2[0m in 0.11s]
[0m14:20:14.619738 [debug] [Thread-1 (]: Finished running node model.my_dbt_project.my_first_dbt_model
[0m14:20:14.619738 [debug] [Thread-1 (]: Began running node model.my_dbt_project.share_holdings_01
[0m14:20:14.620748 [info ] [Thread-1 (]: 2 of 3 START sql table model public.share_holdings_01 .......................... [RUN]
[0m14:20:14.621764 [debug] [Thread-1 (]: Re-using an available connection from the pool (formerly model.my_dbt_project.my_first_dbt_model, now model.my_dbt_project.share_holdings_01)
[0m14:20:14.621764 [debug] [Thread-1 (]: Began compiling node model.my_dbt_project.share_holdings_01
[0m14:20:14.623746 [debug] [Thread-1 (]: Writing injected SQL for node "model.my_dbt_project.share_holdings_01"
[0m14:20:14.624745 [debug] [Thread-1 (]: Began executing node model.my_dbt_project.share_holdings_01
[0m14:20:14.628417 [debug] [Thread-1 (]: Writing runtime sql for node "model.my_dbt_project.share_holdings_01"
[0m14:20:14.629423 [debug] [Thread-1 (]: Using postgres connection "model.my_dbt_project.share_holdings_01"
[0m14:20:14.629423 [debug] [Thread-1 (]: On model.my_dbt_project.share_holdings_01: BEGIN
[0m14:20:14.629423 [debug] [Thread-1 (]: Opening a new connection, currently in state closed
[0m14:20:14.668530 [debug] [Thread-1 (]: SQL status: BEGIN in 0.039 seconds
[0m14:20:14.669534 [debug] [Thread-1 (]: Using postgres connection "model.my_dbt_project.share_holdings_01"
[0m14:20:14.670531 [debug] [Thread-1 (]: On model.my_dbt_project.share_holdings_01: /* {"app": "dbt", "dbt_version": "1.10.5", "profile_name": "my_dbt_project", "target_name": "dev", "node_id": "model.my_dbt_project.share_holdings_01"} */

  
    

  create  table "mypostgresdb"."public"."share_holdings_01__dbt_tmp"
  
  
    as
  
  (
    

-- Use the `ref` function to select from other models

select *
from "mypostgresdb"."public"."holdings_clean"
  );
  
[0m14:20:14.672531 [debug] [Thread-1 (]: SQL status: SELECT 26 in 0.002 seconds
[0m14:20:14.675534 [debug] [Thread-1 (]: Using postgres connection "model.my_dbt_project.share_holdings_01"
[0m14:20:14.675534 [debug] [Thread-1 (]: On model.my_dbt_project.share_holdings_01: /* {"app": "dbt", "dbt_version": "1.10.5", "profile_name": "my_dbt_project", "target_name": "dev", "node_id": "model.my_dbt_project.share_holdings_01"} */
alter table "mypostgresdb"."public"."share_holdings_01__dbt_tmp" rename to "share_holdings_01"
[0m14:20:14.676531 [debug] [Thread-1 (]: SQL status: ALTER TABLE in 0.000 seconds
[0m14:20:14.677535 [debug] [Thread-1 (]: On model.my_dbt_project.share_holdings_01: COMMIT
[0m14:20:14.677535 [debug] [Thread-1 (]: Using postgres connection "model.my_dbt_project.share_holdings_01"
[0m14:20:14.678537 [debug] [Thread-1 (]: On model.my_dbt_project.share_holdings_01: COMMIT
[0m14:20:14.678537 [debug] [Thread-1 (]: SQL status: COMMIT in 0.000 seconds
[0m14:20:14.680534 [debug] [Thread-1 (]: Applying DROP to: "mypostgresdb"."public"."share_holdings_01__dbt_backup"
[0m14:20:14.680534 [debug] [Thread-1 (]: Using postgres connection "model.my_dbt_project.share_holdings_01"
[0m14:20:14.681535 [debug] [Thread-1 (]: On model.my_dbt_project.share_holdings_01: /* {"app": "dbt", "dbt_version": "1.10.5", "profile_name": "my_dbt_project", "target_name": "dev", "node_id": "model.my_dbt_project.share_holdings_01"} */
drop table if exists "mypostgresdb"."public"."share_holdings_01__dbt_backup" cascade
[0m14:20:14.682539 [debug] [Thread-1 (]: SQL status: DROP TABLE in 0.000 seconds
[0m14:20:14.683536 [debug] [Thread-1 (]: On model.my_dbt_project.share_holdings_01: Close
[0m14:20:14.683536 [debug] [Thread-1 (]: Sending event: {'category': 'dbt', 'action': 'run_model', 'label': 'f3177565-a7fd-4917-83a4-9be1a07df508', 'context': [<snowplow_tracker.self_describing_json.SelfDescribingJson object at 0x0000020C05717290>]}
[0m14:20:14.684532 [info ] [Thread-1 (]: 2 of 3 OK created sql table model public.share_holdings_01 ..................... [[32mSELECT 26[0m in 0.06s]
[0m14:20:14.685534 [debug] [Thread-1 (]: Finished running node model.my_dbt_project.share_holdings_01
[0m14:20:14.685534 [debug] [Thread-1 (]: Began running node model.my_dbt_project.my_second_dbt_model
[0m14:20:14.686531 [info ] [Thread-1 (]: 3 of 3 START sql table model public.my_second_dbt_model ........................ [RUN]
[0m14:20:14.687531 [debug] [Thread-1 (]: Re-using an available connection from the pool (formerly model.my_dbt_project.share_holdings_01, now model.my_dbt_project.my_second_dbt_model)
[0m14:20:14.687531 [debug] [Thread-1 (]: Began compiling node model.my_dbt_project.my_second_dbt_model
[0m14:20:14.689531 [debug] [Thread-1 (]: Writing injected SQL for node "model.my_dbt_project.my_second_dbt_model"
[0m14:20:14.690530 [debug] [Thread-1 (]: Began executing node model.my_dbt_project.my_second_dbt_model
[0m14:20:14.692532 [debug] [Thread-1 (]: Writing runtime sql for node "model.my_dbt_project.my_second_dbt_model"
[0m14:20:14.693530 [debug] [Thread-1 (]: Using postgres connection "model.my_dbt_project.my_second_dbt_model"
[0m14:20:14.693530 [debug] [Thread-1 (]: On model.my_dbt_project.my_second_dbt_model: BEGIN
[0m14:20:14.694531 [debug] [Thread-1 (]: Opening a new connection, currently in state closed
[0m14:20:14.730068 [debug] [Thread-1 (]: SQL status: BEGIN in 0.036 seconds
[0m14:20:14.730068 [debug] [Thread-1 (]: Using postgres connection "model.my_dbt_project.my_second_dbt_model"
[0m14:20:14.731062 [debug] [Thread-1 (]: On model.my_dbt_project.my_second_dbt_model: /* {"app": "dbt", "dbt_version": "1.10.5", "profile_name": "my_dbt_project", "target_name": "dev", "node_id": "model.my_dbt_project.my_second_dbt_model"} */

  
    

  create  table "mypostgresdb"."public"."my_second_dbt_model__dbt_tmp"
  
  
    as
  
  (
    

-- Use the `ref` function to select from other models

select *
from "mypostgresdb"."public"."my_first_dbt_model"
where id = 1
  );
  
[0m14:20:14.734065 [debug] [Thread-1 (]: SQL status: SELECT 1 in 0.003 seconds
[0m14:20:14.736104 [debug] [Thread-1 (]: Using postgres connection "model.my_dbt_project.my_second_dbt_model"
[0m14:20:14.737164 [debug] [Thread-1 (]: On model.my_dbt_project.my_second_dbt_model: /* {"app": "dbt", "dbt_version": "1.10.5", "profile_name": "my_dbt_project", "target_name": "dev", "node_id": "model.my_dbt_project.my_second_dbt_model"} */
alter table "mypostgresdb"."public"."my_second_dbt_model" rename to "my_second_dbt_model__dbt_backup"
[0m14:20:14.737164 [debug] [Thread-1 (]: SQL status: ALTER TABLE in 0.000 seconds
[0m14:20:14.739061 [debug] [Thread-1 (]: Using postgres connection "model.my_dbt_project.my_second_dbt_model"
[0m14:20:14.740073 [debug] [Thread-1 (]: On model.my_dbt_project.my_second_dbt_model: /* {"app": "dbt", "dbt_version": "1.10.5", "profile_name": "my_dbt_project", "target_name": "dev", "node_id": "model.my_dbt_project.my_second_dbt_model"} */
alter table "mypostgresdb"."public"."my_second_dbt_model__dbt_tmp" rename to "my_second_dbt_model"
[0m14:20:14.741065 [debug] [Thread-1 (]: SQL status: ALTER TABLE in 0.000 seconds
[0m14:20:14.742061 [debug] [Thread-1 (]: On model.my_dbt_project.my_second_dbt_model: COMMIT
[0m14:20:14.742061 [debug] [Thread-1 (]: Using postgres connection "model.my_dbt_project.my_second_dbt_model"
[0m14:20:14.742061 [debug] [Thread-1 (]: On model.my_dbt_project.my_second_dbt_model: COMMIT
[0m14:20:14.743060 [debug] [Thread-1 (]: SQL status: COMMIT in 0.001 seconds
[0m14:20:14.745062 [debug] [Thread-1 (]: Applying DROP to: "mypostgresdb"."public"."my_second_dbt_model__dbt_backup"
[0m14:20:14.745062 [debug] [Thread-1 (]: Using postgres connection "model.my_dbt_project.my_second_dbt_model"
[0m14:20:14.746113 [debug] [Thread-1 (]: On model.my_dbt_project.my_second_dbt_model: /* {"app": "dbt", "dbt_version": "1.10.5", "profile_name": "my_dbt_project", "target_name": "dev", "node_id": "model.my_dbt_project.my_second_dbt_model"} */
drop table if exists "mypostgresdb"."public"."my_second_dbt_model__dbt_backup" cascade
[0m14:20:14.747069 [debug] [Thread-1 (]: SQL status: DROP TABLE in 0.002 seconds
[0m14:20:14.749064 [debug] [Thread-1 (]: On model.my_dbt_project.my_second_dbt_model: Close
[0m14:20:14.750062 [debug] [Thread-1 (]: Sending event: {'category': 'dbt', 'action': 'run_model', 'label': 'f3177565-a7fd-4917-83a4-9be1a07df508', 'context': [<snowplow_tracker.self_describing_json.SelfDescribingJson object at 0x0000020C056F8DD0>]}
[0m14:20:14.751066 [info ] [Thread-1 (]: 3 of 3 OK created sql table model public.my_second_dbt_model ................... [[32mSELECT 1[0m in 0.06s]
[0m14:20:14.752060 [debug] [Thread-1 (]: Finished running node model.my_dbt_project.my_second_dbt_model
[0m14:20:14.753061 [debug] [MainThread]: Using postgres connection "master"
[0m14:20:14.753061 [debug] [MainThread]: On master: BEGIN
[0m14:20:14.754062 [debug] [MainThread]: Opening a new connection, currently in state closed
[0m14:20:14.788088 [debug] [MainThread]: SQL status: BEGIN in 0.035 seconds
[0m14:20:14.789088 [debug] [MainThread]: On master: COMMIT
[0m14:20:14.789088 [debug] [MainThread]: Using postgres connection "master"
[0m14:20:14.790090 [debug] [MainThread]: On master: COMMIT
[0m14:20:14.790090 [debug] [MainThread]: SQL status: COMMIT in 0.000 seconds
[0m14:20:14.790090 [debug] [MainThread]: On master: Close
[0m14:20:14.791089 [debug] [MainThread]: Connection 'master' was properly closed.
[0m14:20:14.791089 [debug] [MainThread]: Connection 'list_mypostgresdb' was properly closed.
[0m14:20:14.791089 [debug] [MainThread]: Connection 'list_mypostgresdb_public' was properly closed.
[0m14:20:14.792090 [debug] [MainThread]: Connection 'model.my_dbt_project.my_second_dbt_model' was properly closed.
[0m14:20:14.792090 [info ] [MainThread]: 
[0m14:20:14.793091 [info ] [MainThread]: Finished running 3 table models in 0 hours 0 minutes and 0.52 seconds (0.52s).
[0m14:20:14.794090 [debug] [MainThread]: Command end result
[0m14:20:14.808089 [debug] [MainThread]: Wrote artifact WritableManifest to D:\my_dbt_project\target\manifest.json
[0m14:20:14.810103 [debug] [MainThread]: Wrote artifact SemanticManifest to D:\my_dbt_project\target\semantic_manifest.json
[0m14:20:14.815098 [debug] [MainThread]: Wrote artifact RunExecutionResult to D:\my_dbt_project\target\run_results.json
[0m14:20:14.815098 [info ] [MainThread]: 
[0m14:20:14.816095 [info ] [MainThread]: [32mCompleted successfully[0m
[0m14:20:14.816095 [info ] [MainThread]: 
[0m14:20:14.817096 [info ] [MainThread]: Done. PASS=3 WARN=0 ERROR=0 SKIP=0 NO-OP=0 TOTAL=3
[0m14:20:14.818337 [debug] [MainThread]: Command `dbt run` succeeded at 14:20:14.818337 after 1.26 seconds
[0m14:20:14.819348 [debug] [MainThread]: Sending event: {'category': 'dbt', 'action': 'invocation', 'label': 'end', 'context': [<snowplow_tracker.self_describing_json.SelfDescribingJson object at 0x0000020C043B3050>, <snowplow_tracker.self_describing_json.SelfDescribingJson object at 0x0000020C7EA29110>, <snowplow_tracker.self_describing_json.SelfDescribingJson object at 0x0000020C7EA29150>]}
[0m14:20:14.819348 [debug] [MainThread]: Flushing usage events
[0m14:20:16.943337 [debug] [MainThread]: An error was encountered while trying to flush usage events
[0m14:24:43.834680 [debug] [MainThread]: Sending event: {'category': 'dbt', 'action': 'invocation', 'label': 'start', 'context': [<snowplow_tracker.self_describing_json.SelfDescribingJson object at 0x000001D070252E90>, <snowplow_tracker.self_describing_json.SelfDescribingJson object at 0x000001D06FDB63D0>, <snowplow_tracker.self_describing_json.SelfDescribingJson object at 0x000001D07027AC90>]}


============================== 14:24:43.837686 | 42693913-1f77-4a0a-8074-83098971edb5 ==============================
[0m14:24:43.837686 [info ] [MainThread]: Running with dbt=1.10.5
[0m14:24:43.837686 [debug] [MainThread]: running dbt with arguments {'printer_width': '80', 'indirect_selection': 'eager', 'log_cache_events': 'False', 'write_json': 'True', 'partial_parse': 'True', 'cache_selected_only': 'False', 'profiles_dir': 'C:\\Users\\hp sys\\.dbt', 'version_check': 'True', 'warn_error': 'None', 'log_path': 'D:\\my_dbt_project\\logs', 'fail_fast': 'False', 'debug': 'False', 'use_colors': 'True', 'use_experimental_parser': 'False', 'empty': 'False', 'quiet': 'False', 'no_print': 'None', 'warn_error_options': 'WarnErrorOptionsV2(error=[], warn=[], silence=[])', 'static_parser': 'True', 'introspect': 'True', 'invocation_command': 'dbt compile', 'target_path': 'None', 'log_format': 'default', 'send_anonymous_usage_stats': 'True'}
[0m14:24:43.964333 [debug] [MainThread]: Sending event: {'category': 'dbt', 'action': 'project_id', 'label': '42693913-1f77-4a0a-8074-83098971edb5', 'context': [<snowplow_tracker.self_describing_json.SelfDescribingJson object at 0x000001D07046BB50>]}
[0m14:24:44.002849 [debug] [MainThread]: Sending event: {'category': 'dbt', 'action': 'adapter_info', 'label': '42693913-1f77-4a0a-8074-83098971edb5', 'context': [<snowplow_tracker.self_describing_json.SelfDescribingJson object at 0x000001D06BBD0250>]}
[0m14:24:44.003845 [info ] [MainThread]: Registered adapter: postgres=1.9.0
[0m14:24:44.148341 [debug] [MainThread]: checksum: fa4c2685620973c5adba0a491aa9c06e8cf48c9113a5280b45b6efa706ae8f4b, vars: {}, profile: , target: , version: 1.10.5
[0m14:24:44.234681 [debug] [MainThread]: Partial parsing enabled: 0 files deleted, 0 files added, 1 files changed.
[0m14:24:44.234681 [debug] [MainThread]: Partial parsing: updated file: my_dbt_project://models\example\share_holdings_01.sql
[0m14:24:44.400066 [debug] [MainThread]: Sending event: {'category': 'dbt', 'action': 'load_project', 'label': '42693913-1f77-4a0a-8074-83098971edb5', 'context': [<snowplow_tracker.self_describing_json.SelfDescribingJson object at 0x000001D070D3AD10>]}
[0m14:24:44.446152 [debug] [MainThread]: Wrote artifact WritableManifest to D:\my_dbt_project\target\manifest.json
[0m14:24:44.448153 [debug] [MainThread]: Wrote artifact SemanticManifest to D:\my_dbt_project\target\semantic_manifest.json
[0m14:24:44.459141 [debug] [MainThread]: Sending event: {'category': 'dbt', 'action': 'resource_counts', 'label': '42693913-1f77-4a0a-8074-83098971edb5', 'context': [<snowplow_tracker.self_describing_json.SelfDescribingJson object at 0x000001D070E039D0>]}
[0m14:24:44.459141 [info ] [MainThread]: Found 3 models, 4 data tests, 1 seed, 434 macros
[0m14:24:44.460071 [debug] [MainThread]: Sending event: {'category': 'dbt', 'action': 'runnable_timing', 'label': '42693913-1f77-4a0a-8074-83098971edb5', 'context': [<snowplow_tracker.self_describing_json.SelfDescribingJson object at 0x000001D070CE0CD0>]}
[0m14:24:44.461131 [info ] [MainThread]: 
[0m14:24:44.461131 [info ] [MainThread]: Concurrency: 1 threads (target='dev')
[0m14:24:44.462079 [info ] [MainThread]: 
[0m14:24:44.462079 [debug] [MainThread]: Acquiring new postgres connection 'master'
[0m14:24:44.465177 [debug] [ThreadPool]: Acquiring new postgres connection 'list_mypostgresdb_public'
[0m14:24:44.539012 [debug] [ThreadPool]: Using postgres connection "list_mypostgresdb_public"
[0m14:24:44.539012 [debug] [ThreadPool]: On list_mypostgresdb_public: BEGIN
[0m14:24:44.540025 [debug] [ThreadPool]: Opening a new connection, currently in state init
[0m14:24:44.575337 [debug] [ThreadPool]: SQL status: BEGIN in 0.035 seconds
[0m14:24:44.575337 [debug] [ThreadPool]: Using postgres connection "list_mypostgresdb_public"
[0m14:24:44.576288 [debug] [ThreadPool]: On list_mypostgresdb_public: /* {"app": "dbt", "dbt_version": "1.10.5", "profile_name": "my_dbt_project", "target_name": "dev", "connection_name": "list_mypostgresdb_public"} */
select
      'mypostgresdb' as database,
      tablename as name,
      schemaname as schema,
      'table' as type
    from pg_tables
    where schemaname ilike 'public'
    union all
    select
      'mypostgresdb' as database,
      viewname as name,
      schemaname as schema,
      'view' as type
    from pg_views
    where schemaname ilike 'public'
    union all
    select
      'mypostgresdb' as database,
      matviewname as name,
      schemaname as schema,
      'materialized_view' as type
    from pg_matviews
    where schemaname ilike 'public'
  
[0m14:24:44.578401 [debug] [ThreadPool]: SQL status: SELECT 5 in 0.002 seconds
[0m14:24:44.579289 [debug] [ThreadPool]: On list_mypostgresdb_public: ROLLBACK
[0m14:24:44.580288 [debug] [ThreadPool]: On list_mypostgresdb_public: Close
[0m14:24:44.584289 [debug] [MainThread]: Using postgres connection "master"
[0m14:24:44.584289 [debug] [MainThread]: On master: BEGIN
[0m14:24:44.584289 [debug] [MainThread]: Opening a new connection, currently in state init
[0m14:24:44.618343 [debug] [MainThread]: SQL status: BEGIN in 0.034 seconds
[0m14:24:44.618343 [debug] [MainThread]: Using postgres connection "master"
[0m14:24:44.619342 [debug] [MainThread]: On master: /* {"app": "dbt", "dbt_version": "1.10.5", "profile_name": "my_dbt_project", "target_name": "dev", "connection_name": "master"} */
with relation as (
        select
            pg_rewrite.ev_class as class,
            pg_rewrite.oid as id
        from pg_rewrite
    ),
    class as (
        select
            oid as id,
            relname as name,
            relnamespace as schema,
            relkind as kind
        from pg_class
    ),
    dependency as (
        select distinct
            pg_depend.objid as id,
            pg_depend.refobjid as ref
        from pg_depend
    ),
    schema as (
        select
            pg_namespace.oid as id,
            pg_namespace.nspname as name
        from pg_namespace
        where nspname != 'information_schema' and nspname not like 'pg\_%'
    ),
    referenced as (
        select
            relation.id AS id,
            referenced_class.name ,
            referenced_class.schema ,
            referenced_class.kind
        from relation
        join class as referenced_class on relation.class=referenced_class.id
        where referenced_class.kind in ('r', 'v', 'm')
    ),
    relationships as (
        select
            referenced.name as referenced_name,
            referenced.schema as referenced_schema_id,
            dependent_class.name as dependent_name,
            dependent_class.schema as dependent_schema_id,
            referenced.kind as kind
        from referenced
        join dependency on referenced.id=dependency.id
        join class as dependent_class on dependency.ref=dependent_class.id
        where
            (referenced.name != dependent_class.name or
             referenced.schema != dependent_class.schema)
    )

    select
        referenced_schema.name as referenced_schema,
        relationships.referenced_name as referenced_name,
        dependent_schema.name as dependent_schema,
        relationships.dependent_name as dependent_name
    from relationships
    join schema as dependent_schema on relationships.dependent_schema_id=dependent_schema.id
    join schema as referenced_schema on relationships.referenced_schema_id=referenced_schema.id
    group by referenced_schema, referenced_name, dependent_schema, dependent_name
    order by referenced_schema, referenced_name, dependent_schema, dependent_name;
[0m14:24:44.621395 [debug] [MainThread]: SQL status: SELECT 0 in 0.002 seconds
[0m14:24:44.622343 [debug] [MainThread]: Sending event: {'category': 'dbt', 'action': 'runnable_timing', 'label': '42693913-1f77-4a0a-8074-83098971edb5', 'context': [<snowplow_tracker.self_describing_json.SelfDescribingJson object at 0x000001D0704DB590>]}
[0m14:24:44.623342 [debug] [MainThread]: On master: ROLLBACK
[0m14:24:44.623342 [debug] [MainThread]: On master: Close
[0m14:24:44.627341 [debug] [Thread-1 (]: Began running node model.my_dbt_project.my_first_dbt_model
[0m14:24:44.628342 [debug] [Thread-1 (]: Acquiring new postgres connection 'model.my_dbt_project.my_first_dbt_model'
[0m14:24:44.628342 [debug] [Thread-1 (]: Began compiling node model.my_dbt_project.my_first_dbt_model
[0m14:24:44.633341 [debug] [Thread-1 (]: Writing injected SQL for node "model.my_dbt_project.my_first_dbt_model"
[0m14:24:44.634342 [debug] [Thread-1 (]: Began executing node model.my_dbt_project.my_first_dbt_model
[0m14:24:44.634342 [debug] [Thread-1 (]: Finished running node model.my_dbt_project.my_first_dbt_model
[0m14:24:44.635342 [debug] [Thread-1 (]: Began running node seed.my_dbt_project.holdings_clean
[0m14:24:44.635342 [debug] [Thread-1 (]: Re-using an available connection from the pool (formerly model.my_dbt_project.my_first_dbt_model, now seed.my_dbt_project.holdings_clean)
[0m14:24:44.636345 [debug] [Thread-1 (]: Began compiling node seed.my_dbt_project.holdings_clean
[0m14:24:44.637399 [debug] [Thread-1 (]: Began executing node seed.my_dbt_project.holdings_clean
[0m14:24:44.637399 [debug] [Thread-1 (]: Finished running node seed.my_dbt_project.holdings_clean
[0m14:24:44.638357 [debug] [Thread-1 (]: Began running node model.my_dbt_project.my_second_dbt_model
[0m14:24:44.638357 [debug] [Thread-1 (]: Re-using an available connection from the pool (formerly seed.my_dbt_project.holdings_clean, now model.my_dbt_project.my_second_dbt_model)
[0m14:24:44.639342 [debug] [Thread-1 (]: Began compiling node model.my_dbt_project.my_second_dbt_model
[0m14:24:44.641342 [debug] [Thread-1 (]: Writing injected SQL for node "model.my_dbt_project.my_second_dbt_model"
[0m14:24:44.641342 [debug] [Thread-1 (]: Began executing node model.my_dbt_project.my_second_dbt_model
[0m14:24:44.642342 [debug] [Thread-1 (]: Finished running node model.my_dbt_project.my_second_dbt_model
[0m14:24:44.642342 [debug] [Thread-1 (]: Began running node test.my_dbt_project.not_null_my_first_dbt_model_id.5fb22c2710
[0m14:24:44.642342 [debug] [Thread-1 (]: Re-using an available connection from the pool (formerly model.my_dbt_project.my_second_dbt_model, now test.my_dbt_project.not_null_my_first_dbt_model_id.5fb22c2710)
[0m14:24:44.643341 [debug] [Thread-1 (]: Began compiling node test.my_dbt_project.not_null_my_first_dbt_model_id.5fb22c2710
[0m14:24:44.650354 [debug] [Thread-1 (]: Writing injected SQL for node "test.my_dbt_project.not_null_my_first_dbt_model_id.5fb22c2710"
[0m14:24:44.651388 [debug] [Thread-1 (]: Began executing node test.my_dbt_project.not_null_my_first_dbt_model_id.5fb22c2710
[0m14:24:44.651388 [debug] [Thread-1 (]: Finished running node test.my_dbt_project.not_null_my_first_dbt_model_id.5fb22c2710
[0m14:24:44.652428 [debug] [Thread-1 (]: Began running node test.my_dbt_project.unique_my_first_dbt_model_id.16e066b321
[0m14:24:44.652428 [debug] [Thread-1 (]: Re-using an available connection from the pool (formerly test.my_dbt_project.not_null_my_first_dbt_model_id.5fb22c2710, now test.my_dbt_project.unique_my_first_dbt_model_id.16e066b321)
[0m14:24:44.653448 [debug] [Thread-1 (]: Began compiling node test.my_dbt_project.unique_my_first_dbt_model_id.16e066b321
[0m14:24:44.656479 [debug] [Thread-1 (]: Writing injected SQL for node "test.my_dbt_project.unique_my_first_dbt_model_id.16e066b321"
[0m14:24:44.657502 [debug] [Thread-1 (]: Began executing node test.my_dbt_project.unique_my_first_dbt_model_id.16e066b321
[0m14:24:44.658394 [debug] [Thread-1 (]: Finished running node test.my_dbt_project.unique_my_first_dbt_model_id.16e066b321
[0m14:24:44.658394 [debug] [Thread-1 (]: Began running node model.my_dbt_project.share_holdings_01
[0m14:24:44.658394 [debug] [Thread-1 (]: Re-using an available connection from the pool (formerly test.my_dbt_project.unique_my_first_dbt_model_id.16e066b321, now model.my_dbt_project.share_holdings_01)
[0m14:24:44.659393 [debug] [Thread-1 (]: Began compiling node model.my_dbt_project.share_holdings_01
[0m14:24:44.661393 [debug] [Thread-1 (]: Writing injected SQL for node "model.my_dbt_project.share_holdings_01"
[0m14:24:44.661393 [debug] [Thread-1 (]: Began executing node model.my_dbt_project.share_holdings_01
[0m14:24:44.662393 [debug] [Thread-1 (]: Finished running node model.my_dbt_project.share_holdings_01
[0m14:24:44.662393 [debug] [Thread-1 (]: Began running node test.my_dbt_project.not_null_my_second_dbt_model_id.151b76d778
[0m14:24:44.662393 [debug] [Thread-1 (]: Re-using an available connection from the pool (formerly model.my_dbt_project.share_holdings_01, now test.my_dbt_project.not_null_my_second_dbt_model_id.151b76d778)
[0m14:24:44.663393 [debug] [Thread-1 (]: Began compiling node test.my_dbt_project.not_null_my_second_dbt_model_id.151b76d778
[0m14:24:44.665393 [debug] [Thread-1 (]: Writing injected SQL for node "test.my_dbt_project.not_null_my_second_dbt_model_id.151b76d778"
[0m14:24:44.665393 [debug] [Thread-1 (]: Began executing node test.my_dbt_project.not_null_my_second_dbt_model_id.151b76d778
[0m14:24:44.667108 [debug] [Thread-1 (]: Finished running node test.my_dbt_project.not_null_my_second_dbt_model_id.151b76d778
[0m14:24:44.667108 [debug] [Thread-1 (]: Began running node test.my_dbt_project.unique_my_second_dbt_model_id.57a0f8c493
[0m14:24:44.668117 [debug] [Thread-1 (]: Re-using an available connection from the pool (formerly test.my_dbt_project.not_null_my_second_dbt_model_id.151b76d778, now test.my_dbt_project.unique_my_second_dbt_model_id.57a0f8c493)
[0m14:24:44.668117 [debug] [Thread-1 (]: Began compiling node test.my_dbt_project.unique_my_second_dbt_model_id.57a0f8c493
[0m14:24:44.670113 [debug] [Thread-1 (]: Writing injected SQL for node "test.my_dbt_project.unique_my_second_dbt_model_id.57a0f8c493"
[0m14:24:44.671113 [debug] [Thread-1 (]: Began executing node test.my_dbt_project.unique_my_second_dbt_model_id.57a0f8c493
[0m14:24:44.671113 [debug] [Thread-1 (]: Finished running node test.my_dbt_project.unique_my_second_dbt_model_id.57a0f8c493
[0m14:24:44.672115 [debug] [MainThread]: Connection 'master' was properly closed.
[0m14:24:44.672115 [debug] [MainThread]: Connection 'list_mypostgresdb_public' was properly closed.
[0m14:24:44.673112 [debug] [MainThread]: Connection 'test.my_dbt_project.unique_my_second_dbt_model_id.57a0f8c493' was properly closed.
[0m14:24:44.674130 [debug] [MainThread]: Command end result
[0m14:24:44.687113 [debug] [MainThread]: Wrote artifact WritableManifest to D:\my_dbt_project\target\manifest.json
[0m14:24:44.688114 [debug] [MainThread]: Wrote artifact SemanticManifest to D:\my_dbt_project\target\semantic_manifest.json
[0m14:24:44.692114 [debug] [MainThread]: Wrote artifact RunExecutionResult to D:\my_dbt_project\target\run_results.json
[0m14:24:44.693114 [debug] [MainThread]: Command `dbt compile` succeeded at 14:24:44.693114 after 0.92 seconds
[0m14:24:44.693114 [debug] [MainThread]: Sending event: {'category': 'dbt', 'action': 'invocation', 'label': 'end', 'context': [<snowplow_tracker.self_describing_json.SelfDescribingJson object at 0x000001D06A511210>, <snowplow_tracker.self_describing_json.SelfDescribingJson object at 0x000001D06A498450>, <snowplow_tracker.self_describing_json.SelfDescribingJson object at 0x000001D06A4984D0>]}
[0m14:24:44.694114 [debug] [MainThread]: Flushing usage events
[0m14:24:45.681280 [debug] [MainThread]: An error was encountered while trying to flush usage events
[0m14:25:00.562630 [debug] [MainThread]: Sending event: {'category': 'dbt', 'action': 'invocation', 'label': 'start', 'context': [<snowplow_tracker.self_describing_json.SelfDescribingJson object at 0x0000024E89D52A50>, <snowplow_tracker.self_describing_json.SelfDescribingJson object at 0x0000024E89D7EA50>, <snowplow_tracker.self_describing_json.SelfDescribingJson object at 0x0000024E89D529D0>]}


============================== 14:25:00.565620 | c5c786ee-fbbe-4aa3-a768-5590f0e67495 ==============================
[0m14:25:00.565620 [info ] [MainThread]: Running with dbt=1.10.5
[0m14:25:00.565620 [debug] [MainThread]: running dbt with arguments {'printer_width': '80', 'indirect_selection': 'eager', 'log_cache_events': 'False', 'write_json': 'True', 'partial_parse': 'True', 'cache_selected_only': 'False', 'profiles_dir': 'C:\\Users\\hp sys\\.dbt', 'fail_fast': 'False', 'version_check': 'True', 'log_path': 'D:\\my_dbt_project\\logs', 'debug': 'False', 'warn_error': 'None', 'use_colors': 'True', 'use_experimental_parser': 'False', 'no_print': 'None', 'quiet': 'False', 'empty': 'False', 'warn_error_options': 'WarnErrorOptionsV2(error=[], warn=[], silence=[])', 'invocation_command': 'dbt run', 'introspect': 'True', 'log_format': 'default', 'target_path': 'None', 'static_parser': 'True', 'send_anonymous_usage_stats': 'True'}
[0m14:25:00.692078 [debug] [MainThread]: Sending event: {'category': 'dbt', 'action': 'project_id', 'label': 'c5c786ee-fbbe-4aa3-a768-5590f0e67495', 'context': [<snowplow_tracker.self_describing_json.SelfDescribingJson object at 0x0000024E8A156650>]}
[0m14:25:00.732556 [debug] [MainThread]: Sending event: {'category': 'dbt', 'action': 'adapter_info', 'label': 'c5c786ee-fbbe-4aa3-a768-5590f0e67495', 'context': [<snowplow_tracker.self_describing_json.SelfDescribingJson object at 0x0000024E8A40FFD0>]}
[0m14:25:00.733515 [info ] [MainThread]: Registered adapter: postgres=1.9.0
[0m14:25:00.876491 [debug] [MainThread]: checksum: fa4c2685620973c5adba0a491aa9c06e8cf48c9113a5280b45b6efa706ae8f4b, vars: {}, profile: , target: , version: 1.10.5
[0m14:25:00.962178 [debug] [MainThread]: Partial parsing enabled: 0 files deleted, 0 files added, 0 files changed.
[0m14:25:00.962178 [debug] [MainThread]: Partial parsing enabled, no changes found, skipping parsing
[0m14:25:00.992722 [debug] [MainThread]: Sending event: {'category': 'dbt', 'action': 'load_project', 'label': 'c5c786ee-fbbe-4aa3-a768-5590f0e67495', 'context': [<snowplow_tracker.self_describing_json.SelfDescribingJson object at 0x0000024E8A896CD0>]}
[0m14:25:01.041358 [debug] [MainThread]: Wrote artifact WritableManifest to D:\my_dbt_project\target\manifest.json
[0m14:25:01.042360 [debug] [MainThread]: Wrote artifact SemanticManifest to D:\my_dbt_project\target\semantic_manifest.json
[0m14:25:01.053465 [debug] [MainThread]: Sending event: {'category': 'dbt', 'action': 'resource_counts', 'label': 'c5c786ee-fbbe-4aa3-a768-5590f0e67495', 'context': [<snowplow_tracker.self_describing_json.SelfDescribingJson object at 0x0000024E8A9E02D0>]}
[0m14:25:01.054361 [info ] [MainThread]: Found 3 models, 4 data tests, 1 seed, 434 macros
[0m14:25:01.054628 [debug] [MainThread]: Sending event: {'category': 'dbt', 'action': 'runnable_timing', 'label': 'c5c786ee-fbbe-4aa3-a768-5590f0e67495', 'context': [<snowplow_tracker.self_describing_json.SelfDescribingJson object at 0x0000024E8A0F2E90>]}
[0m14:25:01.055670 [info ] [MainThread]: 
[0m14:25:01.056636 [info ] [MainThread]: Concurrency: 1 threads (target='dev')
[0m14:25:01.056636 [info ] [MainThread]: 
[0m14:25:01.057841 [debug] [MainThread]: Acquiring new postgres connection 'master'
[0m14:25:01.060830 [debug] [ThreadPool]: Acquiring new postgres connection 'list_mypostgresdb'
[0m14:25:01.098948 [debug] [ThreadPool]: Using postgres connection "list_mypostgresdb"
[0m14:25:01.098948 [debug] [ThreadPool]: On list_mypostgresdb: /* {"app": "dbt", "dbt_version": "1.10.5", "profile_name": "my_dbt_project", "target_name": "dev", "connection_name": "list_mypostgresdb"} */

    select distinct nspname from pg_namespace
  
[0m14:25:01.099948 [debug] [ThreadPool]: Opening a new connection, currently in state init
[0m14:25:01.136806 [debug] [ThreadPool]: SQL status: SELECT 4 in 0.038 seconds
[0m14:25:01.137867 [debug] [ThreadPool]: On list_mypostgresdb: Close
[0m14:25:01.139807 [debug] [ThreadPool]: Acquiring new postgres connection 'list_mypostgresdb_public'
[0m14:25:01.144203 [debug] [ThreadPool]: Using postgres connection "list_mypostgresdb_public"
[0m14:25:01.144203 [debug] [ThreadPool]: On list_mypostgresdb_public: BEGIN
[0m14:25:01.144203 [debug] [ThreadPool]: Opening a new connection, currently in state init
[0m14:25:01.176688 [debug] [ThreadPool]: SQL status: BEGIN in 0.032 seconds
[0m14:25:01.176688 [debug] [ThreadPool]: Using postgres connection "list_mypostgresdb_public"
[0m14:25:01.177700 [debug] [ThreadPool]: On list_mypostgresdb_public: /* {"app": "dbt", "dbt_version": "1.10.5", "profile_name": "my_dbt_project", "target_name": "dev", "connection_name": "list_mypostgresdb_public"} */
select
      'mypostgresdb' as database,
      tablename as name,
      schemaname as schema,
      'table' as type
    from pg_tables
    where schemaname ilike 'public'
    union all
    select
      'mypostgresdb' as database,
      viewname as name,
      schemaname as schema,
      'view' as type
    from pg_views
    where schemaname ilike 'public'
    union all
    select
      'mypostgresdb' as database,
      matviewname as name,
      schemaname as schema,
      'materialized_view' as type
    from pg_matviews
    where schemaname ilike 'public'
  
[0m14:25:01.179695 [debug] [ThreadPool]: SQL status: SELECT 5 in 0.002 seconds
[0m14:25:01.180695 [debug] [ThreadPool]: On list_mypostgresdb_public: ROLLBACK
[0m14:25:01.180695 [debug] [ThreadPool]: On list_mypostgresdb_public: Close
[0m14:25:01.185202 [debug] [MainThread]: Using postgres connection "master"
[0m14:25:01.185202 [debug] [MainThread]: On master: BEGIN
[0m14:25:01.186550 [debug] [MainThread]: Opening a new connection, currently in state init
[0m14:25:01.217804 [debug] [MainThread]: SQL status: BEGIN in 0.032 seconds
[0m14:25:01.217804 [debug] [MainThread]: Using postgres connection "master"
[0m14:25:01.218801 [debug] [MainThread]: On master: /* {"app": "dbt", "dbt_version": "1.10.5", "profile_name": "my_dbt_project", "target_name": "dev", "connection_name": "master"} */
with relation as (
        select
            pg_rewrite.ev_class as class,
            pg_rewrite.oid as id
        from pg_rewrite
    ),
    class as (
        select
            oid as id,
            relname as name,
            relnamespace as schema,
            relkind as kind
        from pg_class
    ),
    dependency as (
        select distinct
            pg_depend.objid as id,
            pg_depend.refobjid as ref
        from pg_depend
    ),
    schema as (
        select
            pg_namespace.oid as id,
            pg_namespace.nspname as name
        from pg_namespace
        where nspname != 'information_schema' and nspname not like 'pg\_%'
    ),
    referenced as (
        select
            relation.id AS id,
            referenced_class.name ,
            referenced_class.schema ,
            referenced_class.kind
        from relation
        join class as referenced_class on relation.class=referenced_class.id
        where referenced_class.kind in ('r', 'v', 'm')
    ),
    relationships as (
        select
            referenced.name as referenced_name,
            referenced.schema as referenced_schema_id,
            dependent_class.name as dependent_name,
            dependent_class.schema as dependent_schema_id,
            referenced.kind as kind
        from referenced
        join dependency on referenced.id=dependency.id
        join class as dependent_class on dependency.ref=dependent_class.id
        where
            (referenced.name != dependent_class.name or
             referenced.schema != dependent_class.schema)
    )

    select
        referenced_schema.name as referenced_schema,
        relationships.referenced_name as referenced_name,
        dependent_schema.name as dependent_schema,
        relationships.dependent_name as dependent_name
    from relationships
    join schema as dependent_schema on relationships.dependent_schema_id=dependent_schema.id
    join schema as referenced_schema on relationships.referenced_schema_id=referenced_schema.id
    group by referenced_schema, referenced_name, dependent_schema, dependent_name
    order by referenced_schema, referenced_name, dependent_schema, dependent_name;
[0m14:25:01.220843 [debug] [MainThread]: SQL status: SELECT 0 in 0.002 seconds
[0m14:25:01.221860 [debug] [MainThread]: Sending event: {'category': 'dbt', 'action': 'runnable_timing', 'label': 'c5c786ee-fbbe-4aa3-a768-5590f0e67495', 'context': [<snowplow_tracker.self_describing_json.SelfDescribingJson object at 0x0000024E8ACA5F50>]}
[0m14:25:01.221860 [debug] [MainThread]: On master: ROLLBACK
[0m14:25:01.222798 [debug] [MainThread]: Using postgres connection "master"
[0m14:25:01.222798 [debug] [MainThread]: On master: BEGIN
[0m14:25:01.223801 [debug] [MainThread]: SQL status: BEGIN in 0.000 seconds
[0m14:25:01.223801 [debug] [MainThread]: On master: COMMIT
[0m14:25:01.223801 [debug] [MainThread]: Using postgres connection "master"
[0m14:25:01.224797 [debug] [MainThread]: On master: COMMIT
[0m14:25:01.224797 [debug] [MainThread]: SQL status: COMMIT in 0.000 seconds
[0m14:25:01.224797 [debug] [MainThread]: On master: Close
[0m14:25:01.228804 [debug] [Thread-1 (]: Began running node model.my_dbt_project.my_first_dbt_model
[0m14:25:01.228804 [info ] [Thread-1 (]: 1 of 3 START sql table model public.my_first_dbt_model ......................... [RUN]
[0m14:25:01.229805 [debug] [Thread-1 (]: Acquiring new postgres connection 'model.my_dbt_project.my_first_dbt_model'
[0m14:25:01.229805 [debug] [Thread-1 (]: Began compiling node model.my_dbt_project.my_first_dbt_model
[0m14:25:01.235900 [debug] [Thread-1 (]: Writing injected SQL for node "model.my_dbt_project.my_first_dbt_model"
[0m14:25:01.236900 [debug] [Thread-1 (]: Began executing node model.my_dbt_project.my_first_dbt_model
[0m14:25:01.260898 [debug] [Thread-1 (]: Writing runtime sql for node "model.my_dbt_project.my_first_dbt_model"
[0m14:25:01.261901 [debug] [Thread-1 (]: Using postgres connection "model.my_dbt_project.my_first_dbt_model"
[0m14:25:01.261901 [debug] [Thread-1 (]: On model.my_dbt_project.my_first_dbt_model: BEGIN
[0m14:25:01.262900 [debug] [Thread-1 (]: Opening a new connection, currently in state init
[0m14:25:01.297563 [debug] [Thread-1 (]: SQL status: BEGIN in 0.035 seconds
[0m14:25:01.297563 [debug] [Thread-1 (]: Using postgres connection "model.my_dbt_project.my_first_dbt_model"
[0m14:25:01.298638 [debug] [Thread-1 (]: On model.my_dbt_project.my_first_dbt_model: /* {"app": "dbt", "dbt_version": "1.10.5", "profile_name": "my_dbt_project", "target_name": "dev", "node_id": "model.my_dbt_project.my_first_dbt_model"} */

  
    

  create  table "mypostgresdb"."public"."my_first_dbt_model__dbt_tmp"
  
  
    as
  
  (
    /*
    Welcome to your first dbt model!
    Did you know that you can also configure models directly within SQL files?
    This will override configurations stated in dbt_project.yml

    Try changing "table" to "view" below
*/



with source_data as (

    select 1 as id, 'Raj' as name, 'India' as country
    union all
    select 2 as id, 'Chris' as name, 'India' as country

)

select *
from source_data

/*
    Uncomment the line below to remove records with null `id` values
*/

-- where id is not null
  );
  
[0m14:25:01.300359 [debug] [Thread-1 (]: SQL status: SELECT 2 in 0.002 seconds
[0m14:25:01.307408 [debug] [Thread-1 (]: Using postgres connection "model.my_dbt_project.my_first_dbt_model"
[0m14:25:01.307408 [debug] [Thread-1 (]: On model.my_dbt_project.my_first_dbt_model: /* {"app": "dbt", "dbt_version": "1.10.5", "profile_name": "my_dbt_project", "target_name": "dev", "node_id": "model.my_dbt_project.my_first_dbt_model"} */
alter table "mypostgresdb"."public"."my_first_dbt_model" rename to "my_first_dbt_model__dbt_backup"
[0m14:25:01.308087 [debug] [Thread-1 (]: SQL status: ALTER TABLE in 0.000 seconds
[0m14:25:01.310137 [debug] [Thread-1 (]: Using postgres connection "model.my_dbt_project.my_first_dbt_model"
[0m14:25:01.310137 [debug] [Thread-1 (]: On model.my_dbt_project.my_first_dbt_model: /* {"app": "dbt", "dbt_version": "1.10.5", "profile_name": "my_dbt_project", "target_name": "dev", "node_id": "model.my_dbt_project.my_first_dbt_model"} */
alter table "mypostgresdb"."public"."my_first_dbt_model__dbt_tmp" rename to "my_first_dbt_model"
[0m14:25:01.311094 [debug] [Thread-1 (]: SQL status: ALTER TABLE in 0.000 seconds
[0m14:25:01.320139 [debug] [Thread-1 (]: On model.my_dbt_project.my_first_dbt_model: COMMIT
[0m14:25:01.321149 [debug] [Thread-1 (]: Using postgres connection "model.my_dbt_project.my_first_dbt_model"
[0m14:25:01.321149 [debug] [Thread-1 (]: On model.my_dbt_project.my_first_dbt_model: COMMIT
[0m14:25:01.322098 [debug] [Thread-1 (]: SQL status: COMMIT in 0.000 seconds
[0m14:25:01.326198 [debug] [Thread-1 (]: Applying DROP to: "mypostgresdb"."public"."my_first_dbt_model__dbt_backup"
[0m14:25:01.329093 [debug] [Thread-1 (]: Using postgres connection "model.my_dbt_project.my_first_dbt_model"
[0m14:25:01.330092 [debug] [Thread-1 (]: On model.my_dbt_project.my_first_dbt_model: /* {"app": "dbt", "dbt_version": "1.10.5", "profile_name": "my_dbt_project", "target_name": "dev", "node_id": "model.my_dbt_project.my_first_dbt_model"} */
drop table if exists "mypostgresdb"."public"."my_first_dbt_model__dbt_backup" cascade
[0m14:25:01.331314 [debug] [Thread-1 (]: SQL status: DROP TABLE in 0.001 seconds
[0m14:25:01.333367 [debug] [Thread-1 (]: On model.my_dbt_project.my_first_dbt_model: Close
[0m14:25:01.334321 [debug] [Thread-1 (]: Sending event: {'category': 'dbt', 'action': 'run_model', 'label': 'c5c786ee-fbbe-4aa3-a768-5590f0e67495', 'context': [<snowplow_tracker.self_describing_json.SelfDescribingJson object at 0x0000024E8AE2F010>]}
[0m14:25:01.335337 [info ] [Thread-1 (]: 1 of 3 OK created sql table model public.my_first_dbt_model .................... [[32mSELECT 2[0m in 0.10s]
[0m14:25:01.335337 [debug] [Thread-1 (]: Finished running node model.my_dbt_project.my_first_dbt_model
[0m14:25:01.336320 [debug] [Thread-1 (]: Began running node model.my_dbt_project.share_holdings_01
[0m14:25:01.337320 [info ] [Thread-1 (]: 2 of 3 START sql table model public.share_holdings_01 .......................... [RUN]
[0m14:25:01.337320 [debug] [Thread-1 (]: Re-using an available connection from the pool (formerly model.my_dbt_project.my_first_dbt_model, now model.my_dbt_project.share_holdings_01)
[0m14:25:01.338338 [debug] [Thread-1 (]: Began compiling node model.my_dbt_project.share_holdings_01
[0m14:25:01.377376 [debug] [Thread-1 (]: Writing injected SQL for node "model.my_dbt_project.share_holdings_01"
[0m14:25:01.378381 [debug] [Thread-1 (]: Began executing node model.my_dbt_project.share_holdings_01
[0m14:25:01.380380 [debug] [Thread-1 (]: Writing runtime sql for node "model.my_dbt_project.share_holdings_01"
[0m14:25:01.381380 [debug] [Thread-1 (]: Using postgres connection "model.my_dbt_project.share_holdings_01"
[0m14:25:01.381380 [debug] [Thread-1 (]: On model.my_dbt_project.share_holdings_01: BEGIN
[0m14:25:01.381380 [debug] [Thread-1 (]: Opening a new connection, currently in state closed
[0m14:25:01.415375 [debug] [Thread-1 (]: SQL status: BEGIN in 0.033 seconds
[0m14:25:01.415375 [debug] [Thread-1 (]: Using postgres connection "model.my_dbt_project.share_holdings_01"
[0m14:25:01.415375 [debug] [Thread-1 (]: On model.my_dbt_project.share_holdings_01: /* {"app": "dbt", "dbt_version": "1.10.5", "profile_name": "my_dbt_project", "target_name": "dev", "node_id": "model.my_dbt_project.share_holdings_01"} */

  
    

  create  table "mypostgresdb"."public"."share_holdings_01__dbt_tmp"
  
  
    as
  
  (
    

-- Use the `ref` function to select from other models

SELECT
    "Instrument"           AS instrument,
    "Qty."                 AS quantity,
    "Avg. cost"            AS average_cost,
    "LTP"                  AS last_traded_price,
    "Invested"             AS invested_amount,
    "Cur. val"             AS current_value,
    "P&L"                  AS profit_and_loss,
    "Net chg."             AS net_change,
    "Day chg."             AS day_change,
    "j"                    AS record_index
FROM "mypostgresdb"."public"."holdings_clean"
  );
  
[0m14:25:01.418270 [debug] [Thread-1 (]: SQL status: SELECT 26 in 0.002 seconds
[0m14:25:01.421324 [debug] [Thread-1 (]: Using postgres connection "model.my_dbt_project.share_holdings_01"
[0m14:25:01.421324 [debug] [Thread-1 (]: On model.my_dbt_project.share_holdings_01: /* {"app": "dbt", "dbt_version": "1.10.5", "profile_name": "my_dbt_project", "target_name": "dev", "node_id": "model.my_dbt_project.share_holdings_01"} */
alter table "mypostgresdb"."public"."share_holdings_01" rename to "share_holdings_01__dbt_backup"
[0m14:25:01.422277 [debug] [Thread-1 (]: SQL status: ALTER TABLE in 0.000 seconds
[0m14:25:01.424280 [debug] [Thread-1 (]: Using postgres connection "model.my_dbt_project.share_holdings_01"
[0m14:25:01.424280 [debug] [Thread-1 (]: On model.my_dbt_project.share_holdings_01: /* {"app": "dbt", "dbt_version": "1.10.5", "profile_name": "my_dbt_project", "target_name": "dev", "node_id": "model.my_dbt_project.share_holdings_01"} */
alter table "mypostgresdb"."public"."share_holdings_01__dbt_tmp" rename to "share_holdings_01"
[0m14:25:01.424280 [debug] [Thread-1 (]: SQL status: ALTER TABLE in 0.000 seconds
[0m14:25:01.425292 [debug] [Thread-1 (]: On model.my_dbt_project.share_holdings_01: COMMIT
[0m14:25:01.426359 [debug] [Thread-1 (]: Using postgres connection "model.my_dbt_project.share_holdings_01"
[0m14:25:01.426359 [debug] [Thread-1 (]: On model.my_dbt_project.share_holdings_01: COMMIT
[0m14:25:01.427086 [debug] [Thread-1 (]: SQL status: COMMIT in 0.000 seconds
[0m14:25:01.428177 [debug] [Thread-1 (]: Applying DROP to: "mypostgresdb"."public"."share_holdings_01__dbt_backup"
[0m14:25:01.429147 [debug] [Thread-1 (]: Using postgres connection "model.my_dbt_project.share_holdings_01"
[0m14:25:01.429147 [debug] [Thread-1 (]: On model.my_dbt_project.share_holdings_01: /* {"app": "dbt", "dbt_version": "1.10.5", "profile_name": "my_dbt_project", "target_name": "dev", "node_id": "model.my_dbt_project.share_holdings_01"} */
drop table if exists "mypostgresdb"."public"."share_holdings_01__dbt_backup" cascade
[0m14:25:01.431147 [debug] [Thread-1 (]: SQL status: DROP TABLE in 0.001 seconds
[0m14:25:01.431147 [debug] [Thread-1 (]: On model.my_dbt_project.share_holdings_01: Close
[0m14:25:01.432198 [debug] [Thread-1 (]: Sending event: {'category': 'dbt', 'action': 'run_model', 'label': 'c5c786ee-fbbe-4aa3-a768-5590f0e67495', 'context': [<snowplow_tracker.self_describing_json.SelfDescribingJson object at 0x0000024E8AD21B90>]}
[0m14:25:01.432198 [info ] [Thread-1 (]: 2 of 3 OK created sql table model public.share_holdings_01 ..................... [[32mSELECT 26[0m in 0.09s]
[0m14:25:01.433199 [debug] [Thread-1 (]: Finished running node model.my_dbt_project.share_holdings_01
[0m14:25:01.433199 [debug] [Thread-1 (]: Began running node model.my_dbt_project.my_second_dbt_model
[0m14:25:01.434442 [info ] [Thread-1 (]: 3 of 3 START sql table model public.my_second_dbt_model ........................ [RUN]
[0m14:25:01.434442 [debug] [Thread-1 (]: Re-using an available connection from the pool (formerly model.my_dbt_project.share_holdings_01, now model.my_dbt_project.my_second_dbt_model)
[0m14:25:01.435452 [debug] [Thread-1 (]: Began compiling node model.my_dbt_project.my_second_dbt_model
[0m14:25:01.437509 [debug] [Thread-1 (]: Writing injected SQL for node "model.my_dbt_project.my_second_dbt_model"
[0m14:25:01.437509 [debug] [Thread-1 (]: Began executing node model.my_dbt_project.my_second_dbt_model
[0m14:25:01.440011 [debug] [Thread-1 (]: Writing runtime sql for node "model.my_dbt_project.my_second_dbt_model"
[0m14:25:01.441013 [debug] [Thread-1 (]: Using postgres connection "model.my_dbt_project.my_second_dbt_model"
[0m14:25:01.441013 [debug] [Thread-1 (]: On model.my_dbt_project.my_second_dbt_model: BEGIN
[0m14:25:01.441013 [debug] [Thread-1 (]: Opening a new connection, currently in state closed
[0m14:25:01.474651 [debug] [Thread-1 (]: SQL status: BEGIN in 0.033 seconds
[0m14:25:01.474651 [debug] [Thread-1 (]: Using postgres connection "model.my_dbt_project.my_second_dbt_model"
[0m14:25:01.475658 [debug] [Thread-1 (]: On model.my_dbt_project.my_second_dbt_model: /* {"app": "dbt", "dbt_version": "1.10.5", "profile_name": "my_dbt_project", "target_name": "dev", "node_id": "model.my_dbt_project.my_second_dbt_model"} */

  
    

  create  table "mypostgresdb"."public"."my_second_dbt_model__dbt_tmp"
  
  
    as
  
  (
    

-- Use the `ref` function to select from other models

select *
from "mypostgresdb"."public"."my_first_dbt_model"
where id = 1
  );
  
[0m14:25:01.478712 [debug] [Thread-1 (]: SQL status: SELECT 1 in 0.003 seconds
[0m14:25:01.480799 [debug] [Thread-1 (]: Using postgres connection "model.my_dbt_project.my_second_dbt_model"
[0m14:25:01.480799 [debug] [Thread-1 (]: On model.my_dbt_project.my_second_dbt_model: /* {"app": "dbt", "dbt_version": "1.10.5", "profile_name": "my_dbt_project", "target_name": "dev", "node_id": "model.my_dbt_project.my_second_dbt_model"} */
alter table "mypostgresdb"."public"."my_second_dbt_model" rename to "my_second_dbt_model__dbt_backup"
[0m14:25:01.481729 [debug] [Thread-1 (]: SQL status: ALTER TABLE in 0.000 seconds
[0m14:25:01.483758 [debug] [Thread-1 (]: Using postgres connection "model.my_dbt_project.my_second_dbt_model"
[0m14:25:01.483758 [debug] [Thread-1 (]: On model.my_dbt_project.my_second_dbt_model: /* {"app": "dbt", "dbt_version": "1.10.5", "profile_name": "my_dbt_project", "target_name": "dev", "node_id": "model.my_dbt_project.my_second_dbt_model"} */
alter table "mypostgresdb"."public"."my_second_dbt_model__dbt_tmp" rename to "my_second_dbt_model"
[0m14:25:01.484713 [debug] [Thread-1 (]: SQL status: ALTER TABLE in 0.000 seconds
[0m14:25:01.485712 [debug] [Thread-1 (]: On model.my_dbt_project.my_second_dbt_model: COMMIT
[0m14:25:01.485712 [debug] [Thread-1 (]: Using postgres connection "model.my_dbt_project.my_second_dbt_model"
[0m14:25:01.486712 [debug] [Thread-1 (]: On model.my_dbt_project.my_second_dbt_model: COMMIT
[0m14:25:01.487447 [debug] [Thread-1 (]: SQL status: COMMIT in 0.000 seconds
[0m14:25:01.488524 [debug] [Thread-1 (]: Applying DROP to: "mypostgresdb"."public"."my_second_dbt_model__dbt_backup"
[0m14:25:01.489453 [debug] [Thread-1 (]: Using postgres connection "model.my_dbt_project.my_second_dbt_model"
[0m14:25:01.489453 [debug] [Thread-1 (]: On model.my_dbt_project.my_second_dbt_model: /* {"app": "dbt", "dbt_version": "1.10.5", "profile_name": "my_dbt_project", "target_name": "dev", "node_id": "model.my_dbt_project.my_second_dbt_model"} */
drop table if exists "mypostgresdb"."public"."my_second_dbt_model__dbt_backup" cascade
[0m14:25:01.490827 [debug] [Thread-1 (]: SQL status: DROP TABLE in 0.001 seconds
[0m14:25:01.492862 [debug] [Thread-1 (]: On model.my_dbt_project.my_second_dbt_model: Close
[0m14:25:01.493376 [debug] [Thread-1 (]: Sending event: {'category': 'dbt', 'action': 'run_model', 'label': 'c5c786ee-fbbe-4aa3-a768-5590f0e67495', 'context': [<snowplow_tracker.self_describing_json.SelfDescribingJson object at 0x0000024E89D51CD0>]}
[0m14:25:01.493376 [info ] [Thread-1 (]: 3 of 3 OK created sql table model public.my_second_dbt_model ................... [[32mSELECT 1[0m in 0.06s]
[0m14:25:01.494383 [debug] [Thread-1 (]: Finished running node model.my_dbt_project.my_second_dbt_model
[0m14:25:01.496398 [debug] [MainThread]: Using postgres connection "master"
[0m14:25:01.496398 [debug] [MainThread]: On master: BEGIN
[0m14:25:01.496398 [debug] [MainThread]: Opening a new connection, currently in state closed
[0m14:25:01.529923 [debug] [MainThread]: SQL status: BEGIN in 0.033 seconds
[0m14:25:01.530963 [debug] [MainThread]: On master: COMMIT
[0m14:25:01.530963 [debug] [MainThread]: Using postgres connection "master"
[0m14:25:01.531922 [debug] [MainThread]: On master: COMMIT
[0m14:25:01.531922 [debug] [MainThread]: SQL status: COMMIT in 0.000 seconds
[0m14:25:01.531922 [debug] [MainThread]: On master: Close
[0m14:25:01.532921 [debug] [MainThread]: Connection 'master' was properly closed.
[0m14:25:01.532921 [debug] [MainThread]: Connection 'list_mypostgresdb' was properly closed.
[0m14:25:01.533921 [debug] [MainThread]: Connection 'list_mypostgresdb_public' was properly closed.
[0m14:25:01.533921 [debug] [MainThread]: Connection 'model.my_dbt_project.my_second_dbt_model' was properly closed.
[0m14:25:01.533921 [info ] [MainThread]: 
[0m14:25:01.534921 [info ] [MainThread]: Finished running 3 table models in 0 hours 0 minutes and 0.48 seconds (0.48s).
[0m14:25:01.535920 [debug] [MainThread]: Command end result
[0m14:25:01.550928 [debug] [MainThread]: Wrote artifact WritableManifest to D:\my_dbt_project\target\manifest.json
[0m14:25:01.551925 [debug] [MainThread]: Wrote artifact SemanticManifest to D:\my_dbt_project\target\semantic_manifest.json
[0m14:25:01.556021 [debug] [MainThread]: Wrote artifact RunExecutionResult to D:\my_dbt_project\target\run_results.json
[0m14:25:01.556021 [info ] [MainThread]: 
[0m14:25:01.556922 [info ] [MainThread]: [32mCompleted successfully[0m
[0m14:25:01.557920 [info ] [MainThread]: 
[0m14:25:01.557920 [info ] [MainThread]: Done. PASS=3 WARN=0 ERROR=0 SKIP=0 NO-OP=0 TOTAL=3
[0m14:25:01.559922 [debug] [MainThread]: Command `dbt run` succeeded at 14:25:01.558925 after 1.06 seconds
[0m14:25:01.559922 [debug] [MainThread]: Sending event: {'category': 'dbt', 'action': 'invocation', 'label': 'end', 'context': [<snowplow_tracker.self_describing_json.SelfDescribingJson object at 0x0000024E885F6A90>, <snowplow_tracker.self_describing_json.SelfDescribingJson object at 0x0000024E844A12D0>, <snowplow_tracker.self_describing_json.SelfDescribingJson object at 0x0000024E84429190>]}
[0m14:25:01.559922 [debug] [MainThread]: Flushing usage events
[0m14:25:02.540753 [debug] [MainThread]: An error was encountered while trying to flush usage events
[0m16:37:08.286199 [debug] [MainThread]: Sending event: {'category': 'dbt', 'action': 'invocation', 'label': 'start', 'context': [<snowplow_tracker.self_describing_json.SelfDescribingJson object at 0x000002B206452E90>, <snowplow_tracker.self_describing_json.SelfDescribingJson object at 0x000002B205FB6390>, <snowplow_tracker.self_describing_json.SelfDescribingJson object at 0x000002B2064B38D0>]}


============================== 16:37:08.290193 | 10bc7eb4-fd9d-4b5b-8856-2e8c584702f6 ==============================
[0m16:37:08.290193 [info ] [MainThread]: Running with dbt=1.10.5
[0m16:37:08.290193 [debug] [MainThread]: running dbt with arguments {'printer_width': '80', 'indirect_selection': 'eager', 'write_json': 'True', 'log_cache_events': 'False', 'partial_parse': 'True', 'cache_selected_only': 'False', 'profiles_dir': 'C:\\Users\\hp sys\\.dbt', 'version_check': 'True', 'fail_fast': 'False', 'log_path': 'D:\\my_dbt_project\\my-test-dbt-repo\\logs', 'warn_error': 'None', 'debug': 'False', 'use_colors': 'True', 'use_experimental_parser': 'False', 'no_print': 'None', 'quiet': 'False', 'empty': 'False', 'warn_error_options': 'WarnErrorOptionsV2(error=[], warn=[], silence=[])', 'introspect': 'True', 'log_format': 'default', 'static_parser': 'True', 'target_path': 'None', 'invocation_command': 'dbt compile', 'send_anonymous_usage_stats': 'True'}
[0m16:37:08.448496 [debug] [MainThread]: Sending event: {'category': 'dbt', 'action': 'project_id', 'label': '10bc7eb4-fd9d-4b5b-8856-2e8c584702f6', 'context': [<snowplow_tracker.self_describing_json.SelfDescribingJson object at 0x000002B2064CBA50>]}
[0m16:37:08.487431 [debug] [MainThread]: Sending event: {'category': 'dbt', 'action': 'adapter_info', 'label': '10bc7eb4-fd9d-4b5b-8856-2e8c584702f6', 'context': [<snowplow_tracker.self_describing_json.SelfDescribingJson object at 0x000002B201CD0DD0>]}
[0m16:37:08.488486 [info ] [MainThread]: Registered adapter: postgres=1.9.0
[0m16:37:08.665135 [debug] [MainThread]: checksum: fa4c2685620973c5adba0a491aa9c06e8cf48c9113a5280b45b6efa706ae8f4b, vars: {}, profile: , target: , version: 1.10.5
[0m16:37:08.769861 [debug] [MainThread]: Partial parsing enabled: 0 files deleted, 0 files added, 0 files changed.
[0m16:37:08.770879 [debug] [MainThread]: Partial parsing enabled, no changes found, skipping parsing
[0m16:37:08.801495 [debug] [MainThread]: Sending event: {'category': 'dbt', 'action': 'load_project', 'label': '10bc7eb4-fd9d-4b5b-8856-2e8c584702f6', 'context': [<snowplow_tracker.self_describing_json.SelfDescribingJson object at 0x000002B203137D50>]}
[0m16:37:08.852505 [debug] [MainThread]: Wrote artifact WritableManifest to D:\my_dbt_project\my-test-dbt-repo\target\manifest.json
[0m16:37:08.854548 [debug] [MainThread]: Wrote artifact SemanticManifest to D:\my_dbt_project\my-test-dbt-repo\target\semantic_manifest.json
[0m16:37:08.872451 [debug] [MainThread]: Sending event: {'category': 'dbt', 'action': 'resource_counts', 'label': '10bc7eb4-fd9d-4b5b-8856-2e8c584702f6', 'context': [<snowplow_tracker.self_describing_json.SelfDescribingJson object at 0x000002B206AD6510>]}
[0m16:37:08.873447 [info ] [MainThread]: Found 3 models, 4 data tests, 1 seed, 434 macros
[0m16:37:08.873447 [debug] [MainThread]: Sending event: {'category': 'dbt', 'action': 'runnable_timing', 'label': '10bc7eb4-fd9d-4b5b-8856-2e8c584702f6', 'context': [<snowplow_tracker.self_describing_json.SelfDescribingJson object at 0x000002B2066C82D0>]}
[0m16:37:08.874814 [info ] [MainThread]: 
[0m16:37:08.875818 [info ] [MainThread]: Concurrency: 1 threads (target='dev')
[0m16:37:08.875818 [info ] [MainThread]: 
[0m16:37:08.875818 [debug] [MainThread]: Acquiring new postgres connection 'master'
[0m16:37:08.879119 [debug] [ThreadPool]: Acquiring new postgres connection 'list_mypostgresdb_public'
[0m16:37:08.937124 [debug] [ThreadPool]: Using postgres connection "list_mypostgresdb_public"
[0m16:37:08.937124 [debug] [ThreadPool]: On list_mypostgresdb_public: BEGIN
[0m16:37:08.938124 [debug] [ThreadPool]: Opening a new connection, currently in state init
[0m16:37:08.978491 [debug] [ThreadPool]: SQL status: BEGIN in 0.041 seconds
[0m16:37:08.978491 [debug] [ThreadPool]: Using postgres connection "list_mypostgresdb_public"
[0m16:37:08.979496 [debug] [ThreadPool]: On list_mypostgresdb_public: /* {"app": "dbt", "dbt_version": "1.10.5", "profile_name": "my_dbt_project", "target_name": "dev", "connection_name": "list_mypostgresdb_public"} */
select
      'mypostgresdb' as database,
      tablename as name,
      schemaname as schema,
      'table' as type
    from pg_tables
    where schemaname ilike 'public'
    union all
    select
      'mypostgresdb' as database,
      viewname as name,
      schemaname as schema,
      'view' as type
    from pg_views
    where schemaname ilike 'public'
    union all
    select
      'mypostgresdb' as database,
      matviewname as name,
      schemaname as schema,
      'materialized_view' as type
    from pg_matviews
    where schemaname ilike 'public'
  
[0m16:37:08.983563 [debug] [ThreadPool]: SQL status: SELECT 5 in 0.004 seconds
[0m16:37:08.984501 [debug] [ThreadPool]: On list_mypostgresdb_public: ROLLBACK
[0m16:37:08.984501 [debug] [ThreadPool]: On list_mypostgresdb_public: Close
[0m16:37:08.988173 [debug] [MainThread]: Using postgres connection "master"
[0m16:37:08.989223 [debug] [MainThread]: On master: BEGIN
[0m16:37:08.989223 [debug] [MainThread]: Opening a new connection, currently in state init
[0m16:37:09.024807 [debug] [MainThread]: SQL status: BEGIN in 0.035 seconds
[0m16:37:09.024807 [debug] [MainThread]: Using postgres connection "master"
[0m16:37:09.024807 [debug] [MainThread]: On master: /* {"app": "dbt", "dbt_version": "1.10.5", "profile_name": "my_dbt_project", "target_name": "dev", "connection_name": "master"} */
with relation as (
        select
            pg_rewrite.ev_class as class,
            pg_rewrite.oid as id
        from pg_rewrite
    ),
    class as (
        select
            oid as id,
            relname as name,
            relnamespace as schema,
            relkind as kind
        from pg_class
    ),
    dependency as (
        select distinct
            pg_depend.objid as id,
            pg_depend.refobjid as ref
        from pg_depend
    ),
    schema as (
        select
            pg_namespace.oid as id,
            pg_namespace.nspname as name
        from pg_namespace
        where nspname != 'information_schema' and nspname not like 'pg\_%'
    ),
    referenced as (
        select
            relation.id AS id,
            referenced_class.name ,
            referenced_class.schema ,
            referenced_class.kind
        from relation
        join class as referenced_class on relation.class=referenced_class.id
        where referenced_class.kind in ('r', 'v', 'm')
    ),
    relationships as (
        select
            referenced.name as referenced_name,
            referenced.schema as referenced_schema_id,
            dependent_class.name as dependent_name,
            dependent_class.schema as dependent_schema_id,
            referenced.kind as kind
        from referenced
        join dependency on referenced.id=dependency.id
        join class as dependent_class on dependency.ref=dependent_class.id
        where
            (referenced.name != dependent_class.name or
             referenced.schema != dependent_class.schema)
    )

    select
        referenced_schema.name as referenced_schema,
        relationships.referenced_name as referenced_name,
        dependent_schema.name as dependent_schema,
        relationships.dependent_name as dependent_name
    from relationships
    join schema as dependent_schema on relationships.dependent_schema_id=dependent_schema.id
    join schema as referenced_schema on relationships.referenced_schema_id=referenced_schema.id
    group by referenced_schema, referenced_name, dependent_schema, dependent_name
    order by referenced_schema, referenced_name, dependent_schema, dependent_name;
[0m16:37:09.028199 [debug] [MainThread]: SQL status: SELECT 0 in 0.003 seconds
[0m16:37:09.029193 [debug] [MainThread]: Sending event: {'category': 'dbt', 'action': 'runnable_timing', 'label': '10bc7eb4-fd9d-4b5b-8856-2e8c584702f6', 'context': [<snowplow_tracker.self_describing_json.SelfDescribingJson object at 0x000002B20660F110>]}
[0m16:37:09.030259 [debug] [MainThread]: On master: ROLLBACK
[0m16:37:09.030259 [debug] [MainThread]: On master: Close
[0m16:37:09.034276 [debug] [Thread-1 (]: Began running node model.my_dbt_project.my_first_dbt_model
[0m16:37:09.035222 [debug] [Thread-1 (]: Acquiring new postgres connection 'model.my_dbt_project.my_first_dbt_model'
[0m16:37:09.035222 [debug] [Thread-1 (]: Began compiling node model.my_dbt_project.my_first_dbt_model
[0m16:37:09.040147 [debug] [Thread-1 (]: Writing injected SQL for node "model.my_dbt_project.my_first_dbt_model"
[0m16:37:09.041145 [debug] [Thread-1 (]: Began executing node model.my_dbt_project.my_first_dbt_model
[0m16:37:09.041145 [debug] [Thread-1 (]: Finished running node model.my_dbt_project.my_first_dbt_model
[0m16:37:09.042145 [debug] [Thread-1 (]: Began running node seed.my_dbt_project.holdings_clean
[0m16:37:09.042145 [debug] [Thread-1 (]: Re-using an available connection from the pool (formerly model.my_dbt_project.my_first_dbt_model, now seed.my_dbt_project.holdings_clean)
[0m16:37:09.043146 [debug] [Thread-1 (]: Began compiling node seed.my_dbt_project.holdings_clean
[0m16:37:09.044146 [debug] [Thread-1 (]: Began executing node seed.my_dbt_project.holdings_clean
[0m16:37:09.045252 [debug] [Thread-1 (]: Finished running node seed.my_dbt_project.holdings_clean
[0m16:37:09.045252 [debug] [Thread-1 (]: Began running node model.my_dbt_project.my_second_dbt_model
[0m16:37:09.046148 [debug] [Thread-1 (]: Re-using an available connection from the pool (formerly seed.my_dbt_project.holdings_clean, now model.my_dbt_project.my_second_dbt_model)
[0m16:37:09.046148 [debug] [Thread-1 (]: Began compiling node model.my_dbt_project.my_second_dbt_model
[0m16:37:09.048146 [debug] [Thread-1 (]: Writing injected SQL for node "model.my_dbt_project.my_second_dbt_model"
[0m16:37:09.048146 [debug] [Thread-1 (]: Began executing node model.my_dbt_project.my_second_dbt_model
[0m16:37:09.049173 [debug] [Thread-1 (]: Finished running node model.my_dbt_project.my_second_dbt_model
[0m16:37:09.049173 [debug] [Thread-1 (]: Began running node test.my_dbt_project.not_null_my_first_dbt_model_id.5fb22c2710
[0m16:37:09.050151 [debug] [Thread-1 (]: Re-using an available connection from the pool (formerly model.my_dbt_project.my_second_dbt_model, now test.my_dbt_project.not_null_my_first_dbt_model_id.5fb22c2710)
[0m16:37:09.051146 [debug] [Thread-1 (]: Began compiling node test.my_dbt_project.not_null_my_first_dbt_model_id.5fb22c2710
[0m16:37:09.058162 [debug] [Thread-1 (]: Writing injected SQL for node "test.my_dbt_project.not_null_my_first_dbt_model_id.5fb22c2710"
[0m16:37:09.059161 [debug] [Thread-1 (]: Began executing node test.my_dbt_project.not_null_my_first_dbt_model_id.5fb22c2710
[0m16:37:09.060161 [debug] [Thread-1 (]: Finished running node test.my_dbt_project.not_null_my_first_dbt_model_id.5fb22c2710
[0m16:37:09.060161 [debug] [Thread-1 (]: Began running node test.my_dbt_project.unique_my_first_dbt_model_id.16e066b321
[0m16:37:09.060161 [debug] [Thread-1 (]: Re-using an available connection from the pool (formerly test.my_dbt_project.not_null_my_first_dbt_model_id.5fb22c2710, now test.my_dbt_project.unique_my_first_dbt_model_id.16e066b321)
[0m16:37:09.061147 [debug] [Thread-1 (]: Began compiling node test.my_dbt_project.unique_my_first_dbt_model_id.16e066b321
[0m16:37:09.064234 [debug] [Thread-1 (]: Writing injected SQL for node "test.my_dbt_project.unique_my_first_dbt_model_id.16e066b321"
[0m16:37:09.065224 [debug] [Thread-1 (]: Began executing node test.my_dbt_project.unique_my_first_dbt_model_id.16e066b321
[0m16:37:09.065224 [debug] [Thread-1 (]: Finished running node test.my_dbt_project.unique_my_first_dbt_model_id.16e066b321
[0m16:37:09.066190 [debug] [Thread-1 (]: Began running node model.my_dbt_project.share_holdings_01
[0m16:37:09.066190 [debug] [Thread-1 (]: Re-using an available connection from the pool (formerly test.my_dbt_project.unique_my_first_dbt_model_id.16e066b321, now model.my_dbt_project.share_holdings_01)
[0m16:37:09.066190 [debug] [Thread-1 (]: Began compiling node model.my_dbt_project.share_holdings_01
[0m16:37:09.068211 [debug] [Thread-1 (]: Writing injected SQL for node "model.my_dbt_project.share_holdings_01"
[0m16:37:09.069253 [debug] [Thread-1 (]: Began executing node model.my_dbt_project.share_holdings_01
[0m16:37:09.069253 [debug] [Thread-1 (]: Finished running node model.my_dbt_project.share_holdings_01
[0m16:37:09.069253 [debug] [Thread-1 (]: Began running node test.my_dbt_project.not_null_my_second_dbt_model_id.151b76d778
[0m16:37:09.070254 [debug] [Thread-1 (]: Re-using an available connection from the pool (formerly model.my_dbt_project.share_holdings_01, now test.my_dbt_project.not_null_my_second_dbt_model_id.151b76d778)
[0m16:37:09.071153 [debug] [Thread-1 (]: Began compiling node test.my_dbt_project.not_null_my_second_dbt_model_id.151b76d778
[0m16:37:09.074151 [debug] [Thread-1 (]: Writing injected SQL for node "test.my_dbt_project.not_null_my_second_dbt_model_id.151b76d778"
[0m16:37:09.074151 [debug] [Thread-1 (]: Began executing node test.my_dbt_project.not_null_my_second_dbt_model_id.151b76d778
[0m16:37:09.075145 [debug] [Thread-1 (]: Finished running node test.my_dbt_project.not_null_my_second_dbt_model_id.151b76d778
[0m16:37:09.075145 [debug] [Thread-1 (]: Began running node test.my_dbt_project.unique_my_second_dbt_model_id.57a0f8c493
[0m16:37:09.076261 [debug] [Thread-1 (]: Re-using an available connection from the pool (formerly test.my_dbt_project.not_null_my_second_dbt_model_id.151b76d778, now test.my_dbt_project.unique_my_second_dbt_model_id.57a0f8c493)
[0m16:37:09.076261 [debug] [Thread-1 (]: Began compiling node test.my_dbt_project.unique_my_second_dbt_model_id.57a0f8c493
[0m16:37:09.079223 [debug] [Thread-1 (]: Writing injected SQL for node "test.my_dbt_project.unique_my_second_dbt_model_id.57a0f8c493"
[0m16:37:09.080196 [debug] [Thread-1 (]: Began executing node test.my_dbt_project.unique_my_second_dbt_model_id.57a0f8c493
[0m16:37:09.081198 [debug] [Thread-1 (]: Finished running node test.my_dbt_project.unique_my_second_dbt_model_id.57a0f8c493
[0m16:37:09.082197 [debug] [MainThread]: Connection 'master' was properly closed.
[0m16:37:09.082197 [debug] [MainThread]: Connection 'list_mypostgresdb_public' was properly closed.
[0m16:37:09.083153 [debug] [MainThread]: Connection 'test.my_dbt_project.unique_my_second_dbt_model_id.57a0f8c493' was properly closed.
[0m16:37:09.084152 [debug] [MainThread]: Command end result
[0m16:37:09.132897 [debug] [MainThread]: Wrote artifact WritableManifest to D:\my_dbt_project\my-test-dbt-repo\target\manifest.json
[0m16:37:09.134981 [debug] [MainThread]: Wrote artifact SemanticManifest to D:\my_dbt_project\my-test-dbt-repo\target\semantic_manifest.json
[0m16:37:09.138945 [debug] [MainThread]: Wrote artifact RunExecutionResult to D:\my_dbt_project\my-test-dbt-repo\target\run_results.json
[0m16:37:09.140381 [debug] [MainThread]: Command `dbt compile` succeeded at 16:37:09.140381 after 0.92 seconds
[0m16:37:09.140381 [debug] [MainThread]: Sending event: {'category': 'dbt', 'action': 'invocation', 'label': 'end', 'context': [<snowplow_tracker.self_describing_json.SelfDescribingJson object at 0x000002B200689190>, <snowplow_tracker.self_describing_json.SelfDescribingJson object at 0x000002B200688450>, <snowplow_tracker.self_describing_json.SelfDescribingJson object at 0x000002B200689110>]}
[0m16:37:09.140381 [debug] [MainThread]: Flushing usage events
[0m16:37:10.187239 [debug] [MainThread]: An error was encountered while trying to flush usage events
[0m16:37:18.002714 [debug] [MainThread]: Sending event: {'category': 'dbt', 'action': 'invocation', 'label': 'start', 'context': [<snowplow_tracker.self_describing_json.SelfDescribingJson object at 0x000001D84C4532D0>, <snowplow_tracker.self_describing_json.SelfDescribingJson object at 0x000001D84C47CE50>, <snowplow_tracker.self_describing_json.SelfDescribingJson object at 0x000001D84C4B26D0>]}


============================== 16:37:18.005742 | 726ef131-4aeb-46df-a167-2c2fd80e326d ==============================
[0m16:37:18.005742 [info ] [MainThread]: Running with dbt=1.10.5
[0m16:37:18.006071 [debug] [MainThread]: running dbt with arguments {'printer_width': '80', 'indirect_selection': 'eager', 'log_cache_events': 'False', 'write_json': 'True', 'partial_parse': 'True', 'cache_selected_only': 'False', 'profiles_dir': 'C:\\Users\\hp sys\\.dbt', 'fail_fast': 'False', 'version_check': 'True', 'log_path': 'D:\\my_dbt_project\\my-test-dbt-repo\\logs', 'debug': 'False', 'warn_error': 'None', 'use_colors': 'True', 'use_experimental_parser': 'False', 'no_print': 'None', 'quiet': 'False', 'empty': 'False', 'log_format': 'default', 'introspect': 'True', 'static_parser': 'True', 'invocation_command': 'dbt run', 'target_path': 'None', 'warn_error_options': 'WarnErrorOptionsV2(error=[], warn=[], silence=[])', 'send_anonymous_usage_stats': 'True'}
[0m16:37:18.131417 [debug] [MainThread]: Sending event: {'category': 'dbt', 'action': 'project_id', 'label': '726ef131-4aeb-46df-a167-2c2fd80e326d', 'context': [<snowplow_tracker.self_describing_json.SelfDescribingJson object at 0x000001D84C4C5050>]}
[0m16:37:18.171124 [debug] [MainThread]: Sending event: {'category': 'dbt', 'action': 'adapter_info', 'label': '726ef131-4aeb-46df-a167-2c2fd80e326d', 'context': [<snowplow_tracker.self_describing_json.SelfDescribingJson object at 0x000001D847DD0ED0>]}
[0m16:37:18.172064 [info ] [MainThread]: Registered adapter: postgres=1.9.0
[0m16:37:18.348037 [debug] [MainThread]: checksum: fa4c2685620973c5adba0a491aa9c06e8cf48c9113a5280b45b6efa706ae8f4b, vars: {}, profile: , target: , version: 1.10.5
[0m16:37:18.434936 [debug] [MainThread]: Partial parsing enabled: 0 files deleted, 0 files added, 0 files changed.
[0m16:37:18.435997 [debug] [MainThread]: Partial parsing enabled, no changes found, skipping parsing
[0m16:37:18.464961 [debug] [MainThread]: Sending event: {'category': 'dbt', 'action': 'load_project', 'label': '726ef131-4aeb-46df-a167-2c2fd80e326d', 'context': [<snowplow_tracker.self_describing_json.SelfDescribingJson object at 0x000001D84CBB5410>]}
[0m16:37:18.512950 [debug] [MainThread]: Wrote artifact WritableManifest to D:\my_dbt_project\my-test-dbt-repo\target\manifest.json
[0m16:37:18.514951 [debug] [MainThread]: Wrote artifact SemanticManifest to D:\my_dbt_project\my-test-dbt-repo\target\semantic_manifest.json
[0m16:37:18.526936 [debug] [MainThread]: Sending event: {'category': 'dbt', 'action': 'resource_counts', 'label': '726ef131-4aeb-46df-a167-2c2fd80e326d', 'context': [<snowplow_tracker.self_describing_json.SelfDescribingJson object at 0x000001D84CEEFCD0>]}
[0m16:37:18.526936 [info ] [MainThread]: Found 3 models, 4 data tests, 1 seed, 434 macros
[0m16:37:18.527938 [debug] [MainThread]: Sending event: {'category': 'dbt', 'action': 'runnable_timing', 'label': '726ef131-4aeb-46df-a167-2c2fd80e326d', 'context': [<snowplow_tracker.self_describing_json.SelfDescribingJson object at 0x000001D84C6C92D0>]}
[0m16:37:18.528935 [info ] [MainThread]: 
[0m16:37:18.529951 [info ] [MainThread]: Concurrency: 1 threads (target='dev')
[0m16:37:18.529951 [info ] [MainThread]: 
[0m16:37:18.530935 [debug] [MainThread]: Acquiring new postgres connection 'master'
[0m16:37:18.533936 [debug] [ThreadPool]: Acquiring new postgres connection 'list_mypostgresdb'
[0m16:37:18.572951 [debug] [ThreadPool]: Using postgres connection "list_mypostgresdb"
[0m16:37:18.573950 [debug] [ThreadPool]: On list_mypostgresdb: /* {"app": "dbt", "dbt_version": "1.10.5", "profile_name": "my_dbt_project", "target_name": "dev", "connection_name": "list_mypostgresdb"} */

    select distinct nspname from pg_namespace
  
[0m16:37:18.573950 [debug] [ThreadPool]: Opening a new connection, currently in state init
[0m16:37:18.636935 [debug] [ThreadPool]: SQL status: SELECT 4 in 0.062 seconds
[0m16:37:18.637936 [debug] [ThreadPool]: On list_mypostgresdb: Close
[0m16:37:18.638938 [debug] [ThreadPool]: Acquiring new postgres connection 'list_mypostgresdb_public'
[0m16:37:18.642935 [debug] [ThreadPool]: Using postgres connection "list_mypostgresdb_public"
[0m16:37:18.642935 [debug] [ThreadPool]: On list_mypostgresdb_public: BEGIN
[0m16:37:18.643936 [debug] [ThreadPool]: Opening a new connection, currently in state init
[0m16:37:18.692936 [debug] [ThreadPool]: SQL status: BEGIN in 0.049 seconds
[0m16:37:18.692936 [debug] [ThreadPool]: Using postgres connection "list_mypostgresdb_public"
[0m16:37:18.692936 [debug] [ThreadPool]: On list_mypostgresdb_public: /* {"app": "dbt", "dbt_version": "1.10.5", "profile_name": "my_dbt_project", "target_name": "dev", "connection_name": "list_mypostgresdb_public"} */
select
      'mypostgresdb' as database,
      tablename as name,
      schemaname as schema,
      'table' as type
    from pg_tables
    where schemaname ilike 'public'
    union all
    select
      'mypostgresdb' as database,
      viewname as name,
      schemaname as schema,
      'view' as type
    from pg_views
    where schemaname ilike 'public'
    union all
    select
      'mypostgresdb' as database,
      matviewname as name,
      schemaname as schema,
      'materialized_view' as type
    from pg_matviews
    where schemaname ilike 'public'
  
[0m16:37:18.696012 [debug] [ThreadPool]: SQL status: SELECT 5 in 0.002 seconds
[0m16:37:18.696937 [debug] [ThreadPool]: On list_mypostgresdb_public: ROLLBACK
[0m16:37:18.696937 [debug] [ThreadPool]: On list_mypostgresdb_public: Close
[0m16:37:18.701050 [debug] [MainThread]: Using postgres connection "master"
[0m16:37:18.702010 [debug] [MainThread]: On master: BEGIN
[0m16:37:18.702010 [debug] [MainThread]: Opening a new connection, currently in state init
[0m16:37:18.748984 [debug] [MainThread]: SQL status: BEGIN in 0.047 seconds
[0m16:37:18.749992 [debug] [MainThread]: Using postgres connection "master"
[0m16:37:18.749992 [debug] [MainThread]: On master: /* {"app": "dbt", "dbt_version": "1.10.5", "profile_name": "my_dbt_project", "target_name": "dev", "connection_name": "master"} */
with relation as (
        select
            pg_rewrite.ev_class as class,
            pg_rewrite.oid as id
        from pg_rewrite
    ),
    class as (
        select
            oid as id,
            relname as name,
            relnamespace as schema,
            relkind as kind
        from pg_class
    ),
    dependency as (
        select distinct
            pg_depend.objid as id,
            pg_depend.refobjid as ref
        from pg_depend
    ),
    schema as (
        select
            pg_namespace.oid as id,
            pg_namespace.nspname as name
        from pg_namespace
        where nspname != 'information_schema' and nspname not like 'pg\_%'
    ),
    referenced as (
        select
            relation.id AS id,
            referenced_class.name ,
            referenced_class.schema ,
            referenced_class.kind
        from relation
        join class as referenced_class on relation.class=referenced_class.id
        where referenced_class.kind in ('r', 'v', 'm')
    ),
    relationships as (
        select
            referenced.name as referenced_name,
            referenced.schema as referenced_schema_id,
            dependent_class.name as dependent_name,
            dependent_class.schema as dependent_schema_id,
            referenced.kind as kind
        from referenced
        join dependency on referenced.id=dependency.id
        join class as dependent_class on dependency.ref=dependent_class.id
        where
            (referenced.name != dependent_class.name or
             referenced.schema != dependent_class.schema)
    )

    select
        referenced_schema.name as referenced_schema,
        relationships.referenced_name as referenced_name,
        dependent_schema.name as dependent_schema,
        relationships.dependent_name as dependent_name
    from relationships
    join schema as dependent_schema on relationships.dependent_schema_id=dependent_schema.id
    join schema as referenced_schema on relationships.referenced_schema_id=referenced_schema.id
    group by referenced_schema, referenced_name, dependent_schema, dependent_name
    order by referenced_schema, referenced_name, dependent_schema, dependent_name;
[0m16:37:18.752935 [debug] [MainThread]: SQL status: SELECT 0 in 0.002 seconds
[0m16:37:18.753982 [debug] [MainThread]: Sending event: {'category': 'dbt', 'action': 'runnable_timing', 'label': '726ef131-4aeb-46df-a167-2c2fd80e326d', 'context': [<snowplow_tracker.self_describing_json.SelfDescribingJson object at 0x000001D84B7826D0>]}
[0m16:37:18.753982 [debug] [MainThread]: On master: ROLLBACK
[0m16:37:18.753982 [debug] [MainThread]: Using postgres connection "master"
[0m16:37:18.754936 [debug] [MainThread]: On master: BEGIN
[0m16:37:18.755935 [debug] [MainThread]: SQL status: BEGIN in 0.001 seconds
[0m16:37:18.755935 [debug] [MainThread]: On master: COMMIT
[0m16:37:18.755935 [debug] [MainThread]: Using postgres connection "master"
[0m16:37:18.756940 [debug] [MainThread]: On master: COMMIT
[0m16:37:18.756940 [debug] [MainThread]: SQL status: COMMIT in 0.000 seconds
[0m16:37:18.756940 [debug] [MainThread]: On master: Close
[0m16:37:18.760935 [debug] [Thread-1 (]: Began running node model.my_dbt_project.my_first_dbt_model
[0m16:37:18.760935 [info ] [Thread-1 (]: 1 of 3 START sql table model public.my_first_dbt_model ......................... [RUN]
[0m16:37:18.761944 [debug] [Thread-1 (]: Acquiring new postgres connection 'model.my_dbt_project.my_first_dbt_model'
[0m16:37:18.761944 [debug] [Thread-1 (]: Began compiling node model.my_dbt_project.my_first_dbt_model
[0m16:37:18.766989 [debug] [Thread-1 (]: Writing injected SQL for node "model.my_dbt_project.my_first_dbt_model"
[0m16:37:18.766989 [debug] [Thread-1 (]: Began executing node model.my_dbt_project.my_first_dbt_model
[0m16:37:18.791935 [debug] [Thread-1 (]: Writing runtime sql for node "model.my_dbt_project.my_first_dbt_model"
[0m16:37:18.792935 [debug] [Thread-1 (]: Using postgres connection "model.my_dbt_project.my_first_dbt_model"
[0m16:37:18.792935 [debug] [Thread-1 (]: On model.my_dbt_project.my_first_dbt_model: BEGIN
[0m16:37:18.792935 [debug] [Thread-1 (]: Opening a new connection, currently in state init
[0m16:37:18.860324 [debug] [Thread-1 (]: SQL status: BEGIN in 0.067 seconds
[0m16:37:18.861331 [debug] [Thread-1 (]: Using postgres connection "model.my_dbt_project.my_first_dbt_model"
[0m16:37:18.861331 [debug] [Thread-1 (]: On model.my_dbt_project.my_first_dbt_model: /* {"app": "dbt", "dbt_version": "1.10.5", "profile_name": "my_dbt_project", "target_name": "dev", "node_id": "model.my_dbt_project.my_first_dbt_model"} */

  
    

  create  table "mypostgresdb"."public"."my_first_dbt_model__dbt_tmp"
  
  
    as
  
  (
    /*
    Welcome to your first dbt model!
    Did you know that you can also configure models directly within SQL files?
    This will override configurations stated in dbt_project.yml

    Try changing "table" to "view" below
*/



with source_data as (

    select 1 as id, 'Raj' as name, 'India' as country
    union all
    select 2 as id, 'Chris' as name, 'India' as country

)

select *
from source_data

/*
    Uncomment the line below to remove records with null `id` values
*/

-- where id is not null
  );
  
[0m16:37:18.864537 [debug] [Thread-1 (]: SQL status: SELECT 2 in 0.003 seconds
[0m16:37:18.870538 [debug] [Thread-1 (]: Using postgres connection "model.my_dbt_project.my_first_dbt_model"
[0m16:37:18.871538 [debug] [Thread-1 (]: On model.my_dbt_project.my_first_dbt_model: /* {"app": "dbt", "dbt_version": "1.10.5", "profile_name": "my_dbt_project", "target_name": "dev", "node_id": "model.my_dbt_project.my_first_dbt_model"} */
alter table "mypostgresdb"."public"."my_first_dbt_model" rename to "my_first_dbt_model__dbt_backup"
[0m16:37:18.874537 [debug] [Thread-1 (]: SQL status: ALTER TABLE in 0.003 seconds
[0m16:37:18.876584 [debug] [Thread-1 (]: Using postgres connection "model.my_dbt_project.my_first_dbt_model"
[0m16:37:18.876584 [debug] [Thread-1 (]: On model.my_dbt_project.my_first_dbt_model: /* {"app": "dbt", "dbt_version": "1.10.5", "profile_name": "my_dbt_project", "target_name": "dev", "node_id": "model.my_dbt_project.my_first_dbt_model"} */
alter table "mypostgresdb"."public"."my_first_dbt_model__dbt_tmp" rename to "my_first_dbt_model"
[0m16:37:18.877539 [debug] [Thread-1 (]: SQL status: ALTER TABLE in 0.000 seconds
[0m16:37:18.886593 [debug] [Thread-1 (]: On model.my_dbt_project.my_first_dbt_model: COMMIT
[0m16:37:18.887615 [debug] [Thread-1 (]: Using postgres connection "model.my_dbt_project.my_first_dbt_model"
[0m16:37:18.887615 [debug] [Thread-1 (]: On model.my_dbt_project.my_first_dbt_model: COMMIT
[0m16:37:18.888952 [debug] [Thread-1 (]: SQL status: COMMIT in 0.001 seconds
[0m16:37:18.892959 [debug] [Thread-1 (]: Applying DROP to: "mypostgresdb"."public"."my_first_dbt_model__dbt_backup"
[0m16:37:18.895959 [debug] [Thread-1 (]: Using postgres connection "model.my_dbt_project.my_first_dbt_model"
[0m16:37:18.896959 [debug] [Thread-1 (]: On model.my_dbt_project.my_first_dbt_model: /* {"app": "dbt", "dbt_version": "1.10.5", "profile_name": "my_dbt_project", "target_name": "dev", "node_id": "model.my_dbt_project.my_first_dbt_model"} */
drop table if exists "mypostgresdb"."public"."my_first_dbt_model__dbt_backup" cascade
[0m16:37:18.899069 [debug] [Thread-1 (]: SQL status: DROP TABLE in 0.002 seconds
[0m16:37:18.901008 [debug] [Thread-1 (]: On model.my_dbt_project.my_first_dbt_model: Close
[0m16:37:18.901959 [debug] [Thread-1 (]: Sending event: {'category': 'dbt', 'action': 'run_model', 'label': '726ef131-4aeb-46df-a167-2c2fd80e326d', 'context': [<snowplow_tracker.self_describing_json.SelfDescribingJson object at 0x000001D848245890>]}
[0m16:37:18.902962 [info ] [Thread-1 (]: 1 of 3 OK created sql table model public.my_first_dbt_model .................... [[32mSELECT 2[0m in 0.14s]
[0m16:37:18.903958 [debug] [Thread-1 (]: Finished running node model.my_dbt_project.my_first_dbt_model
[0m16:37:18.903958 [debug] [Thread-1 (]: Began running node model.my_dbt_project.share_holdings_01
[0m16:37:18.904959 [info ] [Thread-1 (]: 2 of 3 START sql table model public.share_holdings_01 .......................... [RUN]
[0m16:37:18.904959 [debug] [Thread-1 (]: Re-using an available connection from the pool (formerly model.my_dbt_project.my_first_dbt_model, now model.my_dbt_project.share_holdings_01)
[0m16:37:18.905959 [debug] [Thread-1 (]: Began compiling node model.my_dbt_project.share_holdings_01
[0m16:37:18.947976 [debug] [Thread-1 (]: Writing injected SQL for node "model.my_dbt_project.share_holdings_01"
[0m16:37:18.949001 [debug] [Thread-1 (]: Began executing node model.my_dbt_project.share_holdings_01
[0m16:37:18.951001 [debug] [Thread-1 (]: Writing runtime sql for node "model.my_dbt_project.share_holdings_01"
[0m16:37:18.952001 [debug] [Thread-1 (]: Using postgres connection "model.my_dbt_project.share_holdings_01"
[0m16:37:18.952001 [debug] [Thread-1 (]: On model.my_dbt_project.share_holdings_01: BEGIN
[0m16:37:18.952959 [debug] [Thread-1 (]: Opening a new connection, currently in state closed
[0m16:37:18.987904 [debug] [Thread-1 (]: SQL status: BEGIN in 0.035 seconds
[0m16:37:18.987904 [debug] [Thread-1 (]: Using postgres connection "model.my_dbt_project.share_holdings_01"
[0m16:37:18.988904 [debug] [Thread-1 (]: On model.my_dbt_project.share_holdings_01: /* {"app": "dbt", "dbt_version": "1.10.5", "profile_name": "my_dbt_project", "target_name": "dev", "node_id": "model.my_dbt_project.share_holdings_01"} */

  
    

  create  table "mypostgresdb"."public"."share_holdings_01__dbt_tmp"
  
  
    as
  
  (
    

-- Use the `ref` function to select from other models

SELECT
    "Instrument"           AS instrument,
    "Qty."                 AS quantity,
    "Avg. cost"            AS average_cost,
    "LTP"                  AS last_traded_price,
    "Invested"             AS invested_amount,
    "Cur. val"             AS current_value,
    "P&L"                  AS profit_and_loss,
    "Net chg."             AS net_change,
    "Day chg."             AS day_change,
    "j"                    AS record_index
FROM "mypostgresdb"."public"."holdings_clean"
  );
  
[0m16:37:18.990904 [debug] [Thread-1 (]: SQL status: SELECT 26 in 0.002 seconds
[0m16:37:18.993904 [debug] [Thread-1 (]: Using postgres connection "model.my_dbt_project.share_holdings_01"
[0m16:37:18.993904 [debug] [Thread-1 (]: On model.my_dbt_project.share_holdings_01: /* {"app": "dbt", "dbt_version": "1.10.5", "profile_name": "my_dbt_project", "target_name": "dev", "node_id": "model.my_dbt_project.share_holdings_01"} */
alter table "mypostgresdb"."public"."share_holdings_01" rename to "share_holdings_01__dbt_backup"
[0m16:37:18.993904 [debug] [Thread-1 (]: SQL status: ALTER TABLE in 0.000 seconds
[0m16:37:18.995905 [debug] [Thread-1 (]: Using postgres connection "model.my_dbt_project.share_holdings_01"
[0m16:37:18.996904 [debug] [Thread-1 (]: On model.my_dbt_project.share_holdings_01: /* {"app": "dbt", "dbt_version": "1.10.5", "profile_name": "my_dbt_project", "target_name": "dev", "node_id": "model.my_dbt_project.share_holdings_01"} */
alter table "mypostgresdb"."public"."share_holdings_01__dbt_tmp" rename to "share_holdings_01"
[0m16:37:18.996904 [debug] [Thread-1 (]: SQL status: ALTER TABLE in 0.000 seconds
[0m16:37:18.997924 [debug] [Thread-1 (]: On model.my_dbt_project.share_holdings_01: COMMIT
[0m16:37:18.998905 [debug] [Thread-1 (]: Using postgres connection "model.my_dbt_project.share_holdings_01"
[0m16:37:18.998905 [debug] [Thread-1 (]: On model.my_dbt_project.share_holdings_01: COMMIT
[0m16:37:18.999766 [debug] [Thread-1 (]: SQL status: COMMIT in 0.000 seconds
[0m16:37:19.000839 [debug] [Thread-1 (]: Applying DROP to: "mypostgresdb"."public"."share_holdings_01__dbt_backup"
[0m16:37:19.001846 [debug] [Thread-1 (]: Using postgres connection "model.my_dbt_project.share_holdings_01"
[0m16:37:19.001846 [debug] [Thread-1 (]: On model.my_dbt_project.share_holdings_01: /* {"app": "dbt", "dbt_version": "1.10.5", "profile_name": "my_dbt_project", "target_name": "dev", "node_id": "model.my_dbt_project.share_holdings_01"} */
drop table if exists "mypostgresdb"."public"."share_holdings_01__dbt_backup" cascade
[0m16:37:19.003771 [debug] [Thread-1 (]: SQL status: DROP TABLE in 0.001 seconds
[0m16:37:19.004816 [debug] [Thread-1 (]: On model.my_dbt_project.share_holdings_01: Close
[0m16:37:19.004816 [debug] [Thread-1 (]: Sending event: {'category': 'dbt', 'action': 'run_model', 'label': '726ef131-4aeb-46df-a167-2c2fd80e326d', 'context': [<snowplow_tracker.self_describing_json.SelfDescribingJson object at 0x000001D84D206B10>]}
[0m16:37:19.005771 [info ] [Thread-1 (]: 2 of 3 OK created sql table model public.share_holdings_01 ..................... [[32mSELECT 26[0m in 0.10s]
[0m16:37:19.005771 [debug] [Thread-1 (]: Finished running node model.my_dbt_project.share_holdings_01
[0m16:37:19.005771 [debug] [Thread-1 (]: Began running node model.my_dbt_project.my_second_dbt_model
[0m16:37:19.006915 [info ] [Thread-1 (]: 3 of 3 START sql table model public.my_second_dbt_model ........................ [RUN]
[0m16:37:19.007920 [debug] [Thread-1 (]: Re-using an available connection from the pool (formerly model.my_dbt_project.share_holdings_01, now model.my_dbt_project.my_second_dbt_model)
[0m16:37:19.007920 [debug] [Thread-1 (]: Began compiling node model.my_dbt_project.my_second_dbt_model
[0m16:37:19.010053 [debug] [Thread-1 (]: Writing injected SQL for node "model.my_dbt_project.my_second_dbt_model"
[0m16:37:19.010053 [debug] [Thread-1 (]: Began executing node model.my_dbt_project.my_second_dbt_model
[0m16:37:19.013052 [debug] [Thread-1 (]: Writing runtime sql for node "model.my_dbt_project.my_second_dbt_model"
[0m16:37:19.013052 [debug] [Thread-1 (]: Using postgres connection "model.my_dbt_project.my_second_dbt_model"
[0m16:37:19.013052 [debug] [Thread-1 (]: On model.my_dbt_project.my_second_dbt_model: BEGIN
[0m16:37:19.014052 [debug] [Thread-1 (]: Opening a new connection, currently in state closed
[0m16:37:19.147824 [debug] [Thread-1 (]: SQL status: BEGIN in 0.134 seconds
[0m16:37:19.148337 [debug] [Thread-1 (]: Using postgres connection "model.my_dbt_project.my_second_dbt_model"
[0m16:37:19.148337 [debug] [Thread-1 (]: On model.my_dbt_project.my_second_dbt_model: /* {"app": "dbt", "dbt_version": "1.10.5", "profile_name": "my_dbt_project", "target_name": "dev", "node_id": "model.my_dbt_project.my_second_dbt_model"} */

  
    

  create  table "mypostgresdb"."public"."my_second_dbt_model__dbt_tmp"
  
  
    as
  
  (
    

-- Use the `ref` function to select from other models

select *
from "mypostgresdb"."public"."my_first_dbt_model"
where id = 1
  );
  
[0m16:37:19.151346 [debug] [Thread-1 (]: SQL status: SELECT 1 in 0.002 seconds
[0m16:37:19.153344 [debug] [Thread-1 (]: Using postgres connection "model.my_dbt_project.my_second_dbt_model"
[0m16:37:19.153344 [debug] [Thread-1 (]: On model.my_dbt_project.my_second_dbt_model: /* {"app": "dbt", "dbt_version": "1.10.5", "profile_name": "my_dbt_project", "target_name": "dev", "node_id": "model.my_dbt_project.my_second_dbt_model"} */
alter table "mypostgresdb"."public"."my_second_dbt_model" rename to "my_second_dbt_model__dbt_backup"
[0m16:37:19.154350 [debug] [Thread-1 (]: SQL status: ALTER TABLE in 0.000 seconds
[0m16:37:19.156346 [debug] [Thread-1 (]: Using postgres connection "model.my_dbt_project.my_second_dbt_model"
[0m16:37:19.156346 [debug] [Thread-1 (]: On model.my_dbt_project.my_second_dbt_model: /* {"app": "dbt", "dbt_version": "1.10.5", "profile_name": "my_dbt_project", "target_name": "dev", "node_id": "model.my_dbt_project.my_second_dbt_model"} */
alter table "mypostgresdb"."public"."my_second_dbt_model__dbt_tmp" rename to "my_second_dbt_model"
[0m16:37:19.157344 [debug] [Thread-1 (]: SQL status: ALTER TABLE in 0.000 seconds
[0m16:37:19.158350 [debug] [Thread-1 (]: On model.my_dbt_project.my_second_dbt_model: COMMIT
[0m16:37:19.159344 [debug] [Thread-1 (]: Using postgres connection "model.my_dbt_project.my_second_dbt_model"
[0m16:37:19.159344 [debug] [Thread-1 (]: On model.my_dbt_project.my_second_dbt_model: COMMIT
[0m16:37:19.159344 [debug] [Thread-1 (]: SQL status: COMMIT in 0.001 seconds
[0m16:37:19.161685 [debug] [Thread-1 (]: Applying DROP to: "mypostgresdb"."public"."my_second_dbt_model__dbt_backup"
[0m16:37:19.161685 [debug] [Thread-1 (]: Using postgres connection "model.my_dbt_project.my_second_dbt_model"
[0m16:37:19.162685 [debug] [Thread-1 (]: On model.my_dbt_project.my_second_dbt_model: /* {"app": "dbt", "dbt_version": "1.10.5", "profile_name": "my_dbt_project", "target_name": "dev", "node_id": "model.my_dbt_project.my_second_dbt_model"} */
drop table if exists "mypostgresdb"."public"."my_second_dbt_model__dbt_backup" cascade
[0m16:37:19.164954 [debug] [Thread-1 (]: SQL status: DROP TABLE in 0.002 seconds
[0m16:37:19.165961 [debug] [Thread-1 (]: On model.my_dbt_project.my_second_dbt_model: Close
[0m16:37:19.165961 [debug] [Thread-1 (]: Sending event: {'category': 'dbt', 'action': 'run_model', 'label': '726ef131-4aeb-46df-a167-2c2fd80e326d', 'context': [<snowplow_tracker.self_describing_json.SelfDescribingJson object at 0x000001D84D21E710>]}
[0m16:37:19.166960 [info ] [Thread-1 (]: 3 of 3 OK created sql table model public.my_second_dbt_model ................... [[32mSELECT 1[0m in 0.16s]
[0m16:37:19.167960 [debug] [Thread-1 (]: Finished running node model.my_dbt_project.my_second_dbt_model
[0m16:37:19.168960 [debug] [MainThread]: Using postgres connection "master"
[0m16:37:19.168960 [debug] [MainThread]: On master: BEGIN
[0m16:37:19.168960 [debug] [MainThread]: Opening a new connection, currently in state closed
[0m16:37:19.204357 [debug] [MainThread]: SQL status: BEGIN in 0.035 seconds
[0m16:37:19.204357 [debug] [MainThread]: On master: COMMIT
[0m16:37:19.204357 [debug] [MainThread]: Using postgres connection "master"
[0m16:37:19.205353 [debug] [MainThread]: On master: COMMIT
[0m16:37:19.205353 [debug] [MainThread]: SQL status: COMMIT in 0.000 seconds
[0m16:37:19.205353 [debug] [MainThread]: On master: Close
[0m16:37:19.206353 [debug] [MainThread]: Connection 'master' was properly closed.
[0m16:37:19.206353 [debug] [MainThread]: Connection 'list_mypostgresdb' was properly closed.
[0m16:37:19.206353 [debug] [MainThread]: Connection 'list_mypostgresdb_public' was properly closed.
[0m16:37:19.207354 [debug] [MainThread]: Connection 'model.my_dbt_project.my_second_dbt_model' was properly closed.
[0m16:37:19.207354 [info ] [MainThread]: 
[0m16:37:19.208354 [info ] [MainThread]: Finished running 3 table models in 0 hours 0 minutes and 0.68 seconds (0.68s).
[0m16:37:19.209357 [debug] [MainThread]: Command end result
[0m16:37:19.223355 [debug] [MainThread]: Wrote artifact WritableManifest to D:\my_dbt_project\my-test-dbt-repo\target\manifest.json
[0m16:37:19.225353 [debug] [MainThread]: Wrote artifact SemanticManifest to D:\my_dbt_project\my-test-dbt-repo\target\semantic_manifest.json
[0m16:37:19.229353 [debug] [MainThread]: Wrote artifact RunExecutionResult to D:\my_dbt_project\my-test-dbt-repo\target\run_results.json
[0m16:37:19.230352 [info ] [MainThread]: 
[0m16:37:19.230352 [info ] [MainThread]: [32mCompleted successfully[0m
[0m16:37:19.231362 [info ] [MainThread]: 
[0m16:37:19.232353 [info ] [MainThread]: Done. PASS=3 WARN=0 ERROR=0 SKIP=0 NO-OP=0 TOTAL=3
[0m16:37:19.233353 [debug] [MainThread]: Command `dbt run` succeeded at 16:37:19.233353 after 1.29 seconds
[0m16:37:19.233353 [debug] [MainThread]: Sending event: {'category': 'dbt', 'action': 'invocation', 'label': 'end', 'context': [<snowplow_tracker.self_describing_json.SelfDescribingJson object at 0x000001D8467112D0>, <snowplow_tracker.self_describing_json.SelfDescribingJson object at 0x000001D84D291A50>, <snowplow_tracker.self_describing_json.SelfDescribingJson object at 0x000001D846699190>]}
[0m16:37:19.233353 [debug] [MainThread]: Flushing usage events
[0m16:37:20.198207 [debug] [MainThread]: An error was encountered while trying to flush usage events
